[Header],,,,,,,,,,,,,
IEMFileVersion,4,,,,,,,,,,,,
Investigator Name,CS,,,,,,,,,,,,
Experiment Name,HCV-DIA_1,,,,,,,,,,,,
Date,15.02.17,,,,,,,,,,,,
Workflow,GenerateFASTQ,,,,,,,,,,,,
Application,FASTQ Only,,,,,,,,,,,,
Assay,Nextera XT,,,,,,,,,,,,
Description,Diagnostics,,,,,,,,,,,,
Chemistry,Amplicon,,,,,,,,,,,,
,,,,,,,,,,,,,
[Reads],,,,,,,,,,,,,
151,,,,,,,,,,,,,
,,,,,,,,,,,,,
[Settings],,,,,,,,,,,,,
ReverseComplement,0,,,,,,,,,,,,
Adapter,CTGTCTCTTATACACATCT,,,,,,,,,,,,
,,,,,,,,,,,,,
[Data],,,,,,,,,,,,,
Sample_ID,Sample_Name,Sample_Plate,Sample_Well,I7_Index_ID,index,I5_Index_ID,index2,Sample_Project,Description,virus,genotype,target,viral load [copies/mL]
1,1000338688_G1a_225-3,,,N701,TAAGGCGA,S517,GCGTAAGA,,,HCV,G1a,,
2,1000339557_G1l_225-7,,,N702,CGTACTAG,S502,CTCTCTAT,,,HCV,G1l,,
3,1000339981_G4d_229-1,,,N703,AGGCAGAA,S503,TATCCTCT,,,HCV,G4d,,
4,1000340531_G1a_229-6,,,N704,TCCTGAGC,S504,AGAGTAGA,,,HCV,G1a,,
5,1000340833_G1b_229-3,,,N705,GGACTCCT,S505,GTAAGGAG,,,HCV,G1b,,
6,1000340953_G4d_229-4,,,N706,TAGGCATG,S506,ACTGCATA,,,HCV,G4d,,
7,1000339981_G4d_229_N2_1_1+4,,,N707,CTCTCTAC,S507,AAGGAGTA,,,HCV,G4d,,
8,1000340531_G1a_229_N2_2_2+4,,,N708,CAGAGAGG,S508,CTAAGCCT,,,HCV,G1a,,
9,1000340833_G1b_229_N2_3_1+4,,,N702,CGTACTAG,S517,GCGTAAGA,,,HCV,G1b,,
10,1000340953_G4d_229_N2_4_1+4,,,N703,AGGCAGAA,S502,CTCTCTAT,,,HCV,G4d,,
11,1000310031_G1a_226-1,,,N704,TCCTGAGC,S503,TATCCTCT,,,HCV,G1a,,
12,1000310742_G1a_226-2,,,N705,GGACTCCT,S504,AGAGTAGA,,,HCV,G1a,,
13,1000311130_G1a_226-3,,,N706,TAGGCATG,S505,GTAAGGAG,,,HCV,G1a,,
14,1000311660_G1a_226-4,,,N707,CTCTCTAC,S506,ACTGCATA,,,HCV,G1a,,
15,1000312141_G1a_226-5,,,N708,CAGAGAGG,S507,AAGGAGTA,,,HCV,G1a,,
16,1000312484_G1a_226-6,,,N709,GCTACGCT,S508,CTAAGCCT,,,HCV,G1a,,
17,1000339981_G4d_229-5,,,N703,AGGCAGAA,S517,GCGTAAGA,,,HCV,G4d,,
18,1000340531_G1a_229-6,,,N704,TCCTGAGC,S502,CTCTCTAT,,,HCV,G1a,,
19,1000340833_G1b_229-7,,,N705,GGACTCCT,S503,TATCCTCT,,,HCV,G1b,,
20,1000340953_G4d_229-8,,,N706,TAGGCATG,S504,AGAGTAGA,,,HCV,G4d,,
