[Header],,,,,,,,,
IEMFileVersion,4,,,,,,,,
Investigator Name,InvestigatorName,,,,,,,,
Experiment Name,ExperimentName,,,,,,,,
Date,mm/dd/2013,,,,,,,,
Workflow,GenerateFASTQ,,,,,,,,
Application,Plasmids,,,,,,,,
Assay,Nextera XT,,,,,,,,
Description,Mixed,,,,,,,,
Chemistry,Amplicon,,,,,,,,
,,,,,,,,,
[Reads],,,,,,,,,
51,,,,,,,,,
45,,,,,,,,,
[Settings],,,,,,,,,
Adapter,CTGTCTCTTATACACATCT,,,,,,,,
,,,,,,,,,
[Data],,,,,,,,,
Sample_ID,Sample_Name,Sample_Plate,Sample_Well,I7_Index_ID,index,I5_Index_ID,index2,Sample_Project,Description
1,NMAE,,A01,N701,TAAGGCGA,S501,TAGATCGC,,
2,nmaw,,A02,N702,CGTACTAG,S501,TAGATCGC,,
3,asdfas,,A03,N703,AGGCAGAA,S501,TAGATCGC,,
4,asdf,,A04,N704,TCCTGAGC,S501,TAGATCGC,,
5,asdf,,A05,N705,GGACTCCT,S501,TAGATCGC,,
6,asdf,,A06,N706,TAGGCATG,S501,TAGATCGC,,
7,asdf,,A07,N707,CTCTCTAC,S501,TAGATCGC,,
8,,,A08,N708,CAGAGAGG,S501,TAGATCGC,,
9,,,A09,N709,GCTACGCT,S501,TAGATCGC,,
10,,,A10,N710,CGAGGCTG,S501,TAGATCGC,,
11,,,A11,N711,AAGAGGCA,S501,TAGATCGC,,
12,,,A12,N712,GTAGAGGA,S501,TAGATCGC,,
13,,,B01,N701,TAAGGCGA,S502,CTCTCTAT,,
14,,,B02,N702,CGTACTAG,S502,CTCTCTAT,,
15,,,B03,N703,AGGCAGAA,S502,CTCTCTAT,,
16,,,B04,N704,TCCTGAGC,S502,CTCTCTAT,,
17,,,B05,N705,GGACTCCT,S502,CTCTCTAT,,
18,,,B06,N706,TAGGCATG,S502,CTCTCTAT,,
19,,,B07,N707,CTCTCTAC,S502,CTCTCTAT,,
20,,,B08,N708,CAGAGAGG,S502,CTCTCTAT,,
21,,,B09,N709,GCTACGCT,S502,CTCTCTAT,,
22,,,B10,N710,CGAGGCTG,S502,CTCTCTAT,,
23,,,B11,N711,AAGAGGCA,S502,CTCTCTAT,,
24,,,B12,N712,GTAGAGGA,S502,CTCTCTAT,,
25,,,C01,N701,TAAGGCGA,S503,TATCCTCT,,
26,,,C02,N702,CGTACTAG,S503,TATCCTCT,,
27,,,C03,N703,AGGCAGAA,S503,TATCCTCT,,
28,,,C04,N704,TCCTGAGC,S503,TATCCTCT,,
29,,,C05,N705,GGACTCCT,S503,TATCCTCT,,
30,,,C06,N706,TAGGCATG,S503,TATCCTCT,,
31,,,C07,N707,CTCTCTAC,S503,TATCCTCT,,
32,,,C08,N708,CAGAGAGG,S503,TATCCTCT,,
33,,,C09,N709,GCTACGCT,S503,TATCCTCT,,
34,,,C10,N710,CGAGGCTG,S503,TATCCTCT,,
35,,,C11,N711,AAGAGGCA,S503,TATCCTCT,,
36,,,C12,N712,GTAGAGGA,S503,TATCCTCT,,
37,,,D01,N701,TAAGGCGA,S504,AGAGTAGA,,
38,,,D02,N702,CGTACTAG,S504,AGAGTAGA,,
39,,,D03,N703,AGGCAGAA,S504,AGAGTAGA,,
40,,,D04,N704,TCCTGAGC,S504,AGAGTAGA,,
41,,,D05,N705,GGACTCCT,S504,AGAGTAGA,,
42,,,D06,N706,TAGGCATG,S504,AGAGTAGA,,
43,,,D07,N707,CTCTCTAC,S504,AGAGTAGA,,
44,,,D08,N708,CAGAGAGG,S504,AGAGTAGA,,
45,,,D09,N709,GCTACGCT,S504,AGAGTAGA,,
46,,,D10,N710,CGAGGCTG,S504,AGAGTAGA,,
47,,,D11,N711,AAGAGGCA,S504,AGAGTAGA,,
48,,,D12,N712,GTAGAGGA,S504,AGAGTAGA,,
49,,,E01,N701,TAAGGCGA,S505,GTAAGGAG,,
50,,,E02,N702,CGTACTAG,S505,GTAAGGAG,,
51,,,E03,N703,AGGCAGAA,S505,GTAAGGAG,,
52,,,E04,N704,TCCTGAGC,S505,GTAAGGAG,,
53,,,E05,N705,GGACTCCT,S505,GTAAGGAG,,
54,,,E06,N706,TAGGCATG,S505,GTAAGGAG,,
55,,,E07,N707,CTCTCTAC,S505,GTAAGGAG,,
56,,,E08,N708,CAGAGAGG,S505,GTAAGGAG,,
57,,,E09,N709,GCTACGCT,S505,GTAAGGAG,,
58,,,E10,N710,CGAGGCTG,S505,GTAAGGAG,,
59,,,E11,N711,AAGAGGCA,S505,GTAAGGAG,,
60,,,E12,N712,GTAGAGGA,S505,GTAAGGAG,,
61,,,F01,N701,TAAGGCGA,S506,ACTGCATA,,
62,,,F02,N702,CGTACTAG,S506,ACTGCATA,,
63,,,F03,N703,AGGCAGAA,S506,ACTGCATA,,
64,,,F04,N704,TCCTGAGC,S506,ACTGCATA,,
65,,,F05,N705,GGACTCCT,S506,ACTGCATA,,
66,,,F06,N706,TAGGCATG,S506,ACTGCATA,,
67,,,F07,N707,CTCTCTAC,S506,ACTGCATA,,
68,,,F08,N708,CAGAGAGG,S506,ACTGCATA,,
69,,,F09,N709,GCTACGCT,S506,ACTGCATA,,
70,,,F10,N710,CGAGGCTG,S506,ACTGCATA,,
71,,,F11,N711,AAGAGGCA,S506,ACTGCATA,,
72,,,F12,N712,GTAGAGGA,S506,ACTGCATA,,
73,,,G01,N701,TAAGGCGA,S507,AAGGAGTA,,
74,,,G02,N702,CGTACTAG,S507,AAGGAGTA,,
75,,,G03,N703,AGGCAGAA,S507,AAGGAGTA,,
76,,,G04,N704,TCCTGAGC,S507,AAGGAGTA,,
77,,,G05,N705,GGACTCCT,S507,AAGGAGTA,,
78,,,G06,N706,TAGGCATG,S507,AAGGAGTA,,
79,,,G07,N707,CTCTCTAC,S507,AAGGAGTA,,
80,,,G08,N708,CAGAGAGG,S507,AAGGAGTA,,
81,,,G09,N709,GCTACGCT,S507,AAGGAGTA,,
82,,,G10,N710,CGAGGCTG,S507,AAGGAGTA,,
83,,,G11,N711,AAGAGGCA,S507,AAGGAGTA,,
84,,,G12,N712,GTAGAGGA,S507,AAGGAGTA,,
85,,,H01,N701,TAAGGCGA,S508,CTAAGCCT,,
86,,,H02,N702,CGTACTAG,S508,CTAAGCCT,,
87,,,H03,N703,AGGCAGAA,S508,CTAAGCCT,,
88,,,H04,N704,TCCTGAGC,S508,CTAAGCCT,,
89,,,H05,N705,GGACTCCT,S508,CTAAGCCT,,
90,,,H06,N706,TAGGCATG,S508,CTAAGCCT,,
91,,,H07,N707,CTCTCTAC,S508,CTAAGCCT,,
92,,,H08,N708,CAGAGAGG,S508,CTAAGCCT,,
93,,,H09,N709,GCTACGCT,S508,CTAAGCCT,,
94,,,H10,N710,CGAGGCTG,S508,CTAAGCCT,,
95,,,H11,N711,AAGAGGCA,S508,CTAAGCCT,,
96,,,H12,N712,GTAGAGGA,S508,CTAAGCCT,,
