[Header],,,,,,,,,,
IEMFileVersion,4,,,,,,,,,
Investigator Name,Natacha Espirito Santo,,,,,,,,,
Experiment Name,Seqplate_20170221,,,,,,,,,
Date,2/21/2017,,,,,,,,,
Workflow,GenerateFASTQ,,,,,,,,,
Application,FASTQ  Only,,,,,,,,,
Assay,Nextera XT,,,,,,,,,
Description,Whatever,,,,,,,,,
Chemistry,Amplicon,,,,,,,,,
,,,,,,,,,,
[Reads],,,,,,,,,,
51,,,,,,,,,,
,,,,,,,,,,
[Settings],,,,,,,,,,
FilterPCRDuplicates,1,,,,,,,,,
ReverseComplement,0,,,,,,,,,
VariantFilterQualityCutoff,30,,,,,,,,,
Adapter,CTGTCTCTTATACACATCT,,,,,,,,,
,,,,,,,,,,
[Data],,,,,,,,,,
Sample_ID,Sample_Name,Sample_Plate,Sample_Well,I7_Index_ID,index,I5_Index_ID,index2,Sample_Project,Description,GenomeFolder
1,3_4_2_TP2_B1_c9,,A01,N701,TAAGGCGA,S517,GCGTAAGA,,,
2,3_4_2_TP2_B12_c9,,A02,N702,CGTACTAG,S517,GCGTAAGA,,,
3,3_4_2_TP3_B3_c4,,A03,N703,AGGCAGAA,S517,GCGTAAGA,,,
4,3_4_2_TP3_B9_c4,,A04,N704,TCCTGAGC,S517,GCGTAAGA,,,
5,3_4_2_TP4_B4_c9,,A05,N705,GGACTCCT,S517,GCGTAAGA,,,
6,3_4_2_TP2_B7_c5,,A06,N706,TAGGCATG,S517,GCGTAAGA,,,
7,3_4_2_TP2_B8_c2,,A07,N707,CTCTCTAC,S517,GCGTAAGA,,,
8,3_4_2_TP3_B5_c4,,A08,N708,CAGAGAGG,S517,GCGTAAGA,,,
9,3_4_2_TP3_B7_c2,,A09,N709,GCTACGCT,S517,GCGTAAGA,,,
10,3_4_2_TP4_B2_c1,,A10,N710,CGAGGCTG,S517,GCGTAAGA,,,
11,3_4_2_TP4_B6_c1,,A11,N711,AAGAGGCA,S517,GCGTAAGA,,,
12,Cap177_4_25_28_71,,A12,N712,GTAGAGGA,S517,GCGTAAGA,,,
13,3_4_2_TP2_B1_c10,,B01,N701,TAAGGCGA,S502,CTCTCTAT,,,
14,3_4_2_TP2_B12_c10,,B02,N702,CGTACTAG,S502,CTCTCTAT,,,
15,3_4_2_TP3_B3_c10,,B03,N703,AGGCAGAA,S502,CTCTCTAT,,,
16,3_4_2_TP3_B9_c5,,B04,N704,TCCTGAGC,S502,CTCTCTAT,,,
17,3_4_2_TP4_B4_c10,,B05,N705,GGACTCCT,S502,CTCTCTAT,,,
18,3_4_2_TP2_B7_c6,,B06,N706,TAGGCATG,S502,CTCTCTAT,,,
19,3_4_2_TP2_B8_c3,,B07,N707,CTCTCTAC,S502,CTCTCTAT,,,
20,3_4_2_TP3_B5_c5,,B08,N708,CAGAGAGG,S502,CTCTCTAT,,,
21,3_4_2_TP3_B7_c4,,B09,N709,GCTACGCT,S502,CTCTCTAT,,,
22,3_4_2_TP4_B2_c2,,B10,N710,CGAGGCTG,S502,CTCTCTAT,,,
23,3_4_2_TP4_B6_c2,,B11,N711,AAGAGGCA,S502,CTCTCTAT,,,
24,Cap177_4_25_30_109,,B12,N712,GTAGAGGA,S502,CTCTCTAT,,,
25,3_4_2_TP2_B1_c11,,C01,N701,TAAGGCGA,S503,TATCCTCT,,,
26,3_4_2_TP2_B12_c11,,C02,N702,CGTACTAG,S503,TATCCTCT,,,
27,3_4_2_TP3_B3_c11,,C03,N703,AGGCAGAA,S503,TATCCTCT,,,
28,3_4_2_TP3_B9_c6,,C04,N704,TCCTGAGC,S503,TATCCTCT,,,
29,3_4_2_TP4_B4_c11,,C05,N705,GGACTCCT,S503,TATCCTCT,,,
30,3_4_2_TP2_B7_c10,,C06,N706,TAGGCATG,S503,TATCCTCT,,,
31,3_4_2_TP2_B8_c4,,C07,N707,CTCTCTAC,S503,TATCCTCT,,,
32,3_4_2_TP3_B5_c9,,C08,N708,CAGAGAGG,S503,TATCCTCT,,,
33,3_4_2_TP3_B7_c5,,C09,N709,GCTACGCT,S503,TATCCTCT,,,
34,3_4_2_TP4_B2_c3,,C10,N710,CGAGGCTG,S503,TATCCTCT,,,
35,3_4_2_TP4_B6_c3,,C11,N711,AAGAGGCA,S503,TATCCTCT,,,
36,Cap177_4_25_1_11E,,C12,N712,GTAGAGGA,S503,TATCCTCT,,,
37,3_4_2_TP2_B1_c12,,D01,N701,TAAGGCGA,S504,AGAGTAGA,,,
38,3_4_2_TP2_B12_c12,,D02,N702,CGTACTAG,S504,AGAGTAGA,,,
39,3_4_2_TP3_B3_c12,,D03,N703,AGGCAGAA,S504,AGAGTAGA,,,
40,3_4_2_TP3_B9_c7,,D04,N704,TCCTGAGC,S504,AGAGTAGA,,,
41,3_4_2_TP4_B4_c12,,D05,N705,GGACTCCT,S504,AGAGTAGA,,,
42,3_4_2_TP2_B7_c11,,D06,N706,TAGGCATG,S504,AGAGTAGA,,,
43,3_4_2_TP2_B8_c5,,D07,N707,CTCTCTAC,S504,AGAGTAGA,,,
44,3_4_2_TP3_B5_c10,,D08,N708,CAGAGAGG,S504,AGAGTAGA,,,
45,3_4_2_TP3_B7_c6,,D09,N709,GCTACGCT,S504,AGAGTAGA,,,
46,3_4_2_TP4_B2_c10,,D10,N710,CGAGGCTG,S504,AGAGTAGA,,,
47,3_4_2_TP4_B6_c4,,D11,N711,AAGAGGCA,S504,AGAGTAGA,,,
48,Cap177_3_16_47_6F,,D12,N712,GTAGAGGA,S504,AGAGTAGA,,,
49,3_4_2_TP2_B1_c13,,E01,N701,TAAGGCGA,S505,GTAAGGAG,,,
50,3_4_2_TP2_B12_c13,,E02,N702,CGTACTAG,S505,GTAAGGAG,,,
51,3_4_2_TP4_B1_c4,,E03,N703,AGGCAGAA,S505,GTAAGGAG,,,
52,3_4_2_TP3_B9_c11,,E04,N704,TCCTGAGC,S505,GTAAGGAG,,,
53,Cap256_3_13_24_env,,E05,N705,GGACTCCT,S505,GTAAGGAG,,,
54,3_4_2_TP2_B7_c12,,E06,N706,TAGGCATG,S505,GTAAGGAG,,,
55,3_4_2_TP2_B8_c6,,E07,N707,CTCTCTAC,S505,GTAAGGAG,,,
56,3_4_2_TP3_B5_c11,,E08,N708,CAGAGAGG,S505,GTAAGGAG,,,
57,3_4_2_TP3_B7_c9,,E09,N709,GCTACGCT,S505,GTAAGGAG,,,
58,3_4_2_TP4_B2_c11,,E10,N710,CGAGGCTG,S505,GTAAGGAG,,,
59,3_4_2_TP4_B6_c7,,E11,N711,AAGAGGCA,S505,GTAAGGAG,,,
60,Cap177_3_16_7_SE,,E12,N712,GTAGAGGA,S505,GTAAGGAG,,,
61,3_4_2_TP2_B1_c14,,F01,N701,TAAGGCGA,S506,ACTGCATA,,,
62,3_4_2_TP2_B12_c14,,F02,N702,CGTACTAG,S506,ACTGCATA,,,
63,3_4_2_TP4_B1_c5,,F03,N703,AGGCAGAA,S506,ACTGCATA,,,
64,3_4_2_TP3_B9_c12,,F04,N704,TCCTGAGC,S506,ACTGCATA,,,
65,Cap256_3_11_77_env,,F05,N705,GGACTCCT,S506,ACTGCATA,,,
66,3_4_2_TP2_B7_c13,,F06,N706,TAGGCATG,S506,ACTGCATA,,,
67,3_4_2_TP2_B8_c10,,F07,N707,CTCTCTAC,S506,ACTGCATA,,,
68,3_4_2_TP3_B5_c12,,F08,N708,CAGAGAGG,S506,ACTGCATA,,,
69,3_4_2_TP3_B7_c14,,F09,N709,GCTACGCT,S506,ACTGCATA,,,
70,3_4_2_TP4_B2_c12,,F10,N710,CGAGGCTG,S506,ACTGCATA,,,
71,3_4_2_TP4_B6_c11,,F11,N711,AAGAGGCA,S506,ACTGCATA,,,
72,Cap177_3_16_11_3A,,F12,N712,GTAGAGGA,S506,ACTGCATA,,,
73,3_4_2_TP2_B1_c15,,G01,N701,TAAGGCGA,S507,AAGGAGTA,,,
74,3_4_2_TP2_B12_c15,,G02,N702,CGTACTAG,S507,AAGGAGTA,,,
75,3_4_2_TP4_B1_c6,,G03,N703,AGGCAGAA,S507,AAGGAGTA,,,
76,3_4_2_TP3_B9_c15,,G04,N704,TCCTGAGC,S507,AAGGAGTA,,,
77,Cap256_3_11_81_env,,G05,N705,GGACTCCT,S507,AAGGAGTA,,,
78,3_4_2_TP2_B7_c14,,G06,N706,TAGGCATG,S507,AAGGAGTA,,,
79,3_4_2_TP2_B8_c12,,G07,N707,CTCTCTAC,S507,AAGGAGTA,,,
80,3_4_2_TP3_B5_c14,,G08,N708,CAGAGAGG,S507,AAGGAGTA,,,
81,3_4_2_TP3_B7_c15,,G09,N709,GCTACGCT,S507,AAGGAGTA,,,
82,3_4_2_TP4_B2_c13,,G10,N710,CGAGGCTG,S507,AAGGAGTA,,,
83,3_4_2_TP4_B6_c12,,G11,N711,AAGAGGCA,S507,AAGGAGTA,,,
84,Cap177_3_16_1_10D,,G12,N712,GTAGAGGA,S507,AAGGAGTA,,,
85,3_4_2_TP2_B1_c16,,H01,N701,TAAGGCGA,S508,CTAAGCCT,,,
86,3_4_2_TP2_B12_c16,,H02,N702,CGTACTAG,S508,CTAAGCCT,,,
87,3_4_2_TP4_B1_c11,,H03,N703,AGGCAGAA,S508,CTAAGCCT,,,
88,3_4_2_TP3_B9_c16,,H04,N704,TCCTGAGC,S508,CTAAGCCT,,,
89,Cap177_4_25_47_49,,H05,N705,GGACTCCT,S508,CTAAGCCT,,,
90,3_4_2_TP2_B7_c15,,H06,N706,TAGGCATG,S508,CTAAGCCT,,,
91,3_4_2_TP2_B8_c13,,H07,N707,CTCTCTAC,S508,CTAAGCCT,,,
92,3_4_2_TP3_B5_c15,,H08,N708,CAGAGAGG,S508,CTAAGCCT,,,
93,3_4_2_TP3_B7_c16,,H09,N709,GCTACGCT,S508,CTAAGCCT,,,
94,3_4_2_TP4_B2_c14,,H10,N710,CGAGGCTG,S508,CTAAGCCT,,,
95,3_4_2_TP4_B6_c13,,H11,N711,AAGAGGCA,S508,CTAAGCCT,,,
96,Cap177_1_00_Greg,,H12,N712,GTAGAGGA,S508,CTAAGCCT,,,
