identifier	experiment	default_space	INVESTIGATOR_NAME	EXPERIMENT_NAME	RUN_NAME	SAMPLE_SHEET_NAME	ACCOUNT	DATE	MISEQ_WORKFLOW	APPLICATION	ASSAY	DESCRIPTION	CHEMISTRY	READ_1	READ_2	PHIX_CONCENTRATION	RGT_BOX_1	RGT_BOX_2	tags
/IMV/121219_M01274_0002_000000000-A2DWH_OTHER	/IMV/OTHER/MISEQ_RUNS	IMV	Michael Huber	MiSeq Test with PRRT/NexteraXT	121219_M01274_0002_000000000-A2DWH	MS0202414-50V2	KFSP Virome	2012-12-19						51			RGTNA	RGTNA	FileMaker
/IMV/130208_M01274_0004_000000000-A39L6_OTHER	/IMV/OTHER/MISEQ_RUNS	IMV	Michael Huber	PhiX only test run after aborted run, systems checks passed	130208_M01274_0004_000000000-A39L6	MS0205665-50V2	Test	2013-02-08						26	26	100	RGTNA	RGTNA	FileMaker
/IMV/121210_M01274_0001_000000000-A2ED1_OTHER	/IMV/OTHER/MISEQ_RUNS	IMV	Illumina	Training Run	121210_M01274_0001_000000000-A2ED1	MS0000694-500V2	Training	2012-12-10						100			RGTNA	RGTNA	FileMaker
/IMV/130213_M01274_0006_000000000-A38J0_OTHER	/IMV/OTHER/MISEQ_RUNS	IMV	Michael Huber	Test phiX only after second 2 x 251 run failed, same phiX dilution as 8.2.13	130213_M01274_0006_000000000-A38J0	MS2012547-500V2	Test	2013-02-13						251	251	100	RGT2583081	RGT2487389	FileMaker
/IMV/130222_M01274_0007_000000000-A3FTH_METAGENOMICS	/IMV/METAGENOMICS/MISEQ_RUNS	IMV	Dagmara Lewandowska	Spiking 1	130222_M01274_0007_000000000-A3FTH	MS0205676-50V2	KFSP Virome	2013-02-22						51			RGT2506723	RGT2545521	FileMaker
/IMV/130315_M01274_0009_000000000-A3PC1_METAGENOMICS	/IMV/METAGENOMICS/MISEQ_RUNS	IMV	Dagmara Lewandowska	Spiking experiment 3 (RNA from JRFL pseudovirus in genomic 293T cells)	130315_M01274_0009_000000000-A3PC1	MS0205632-050V2	KFSP Virome	2013-03-15						51			RGT2506750	RGT2522325	FileMaker
/IMV/130301_M01274_0008_000000000-A3FL1_METAGENOMICS	/IMV/METAGENOMICS/MISEQ_RUNS	IMV	Dagmara Lewandowska	Spiking 2	130301_M01274_0008_000000000-A3FL1	MS0205637-50V2	KFSP Virome	2013-03-01				plasmid TOPOHA		51			RGT2506757	RGT2545716	FileMaker
/IMV/130321_M01274_0010_000000000-A3FKU_METAGENOMICS	/IMV/METAGENOMICS/MISEQ_RUNS	IMV	Fabienne Geissberger		130321_M01274_0010_000000000-A3FKU	MS2002177-50V2	KFSP Virome	2013-03-21						51			RGT2665555	RGT2545686	FileMaker
/IMV/130327_M01274_0011_000000000-A3FJ8_OTHER	/IMV/OTHER/MISEQ_RUNS	IMV	Fabienne Geissberger	mixes 9-25, 27, 35, 37	130327_M01274_0011_000000000-A3FJ8	MS2006070-300V2	Diagnostics	2013-03-27						251			RGT2448258	RGT2545442	FileMaker
/IMV/130411_M01274_0012_000000000-A3UC8_METAGENOMICS	/IMV/METAGENOMICS/MISEQ_RUNS	IMV	Dagmara Lewandowska	Stool samples Norovirus	130411_M01274_0012_000000000-A3UC8	MS2008628-300V2	KFSP Virome	2013-04-11						251			RGT2502000	RGT2541973	FileMaker
/IMV/130426_M01274_0014_000000000-A3UDV_METAGENOMICS	/IMV/METAGENOMICS/MISEQ_RUNS	IMV	Dagmara Lewandowska	Urine sample BK virus	130426_M01274_0014_000000000-A3UDV	MS2015811-300V2	KFSP Virome	2013-04-26						250			RGT2705914	RGT2541956	FileMaker
/IMV/130429_M01274_0015_000000000-A3FM5_METAGENOMICS	/IMV/METAGENOMICS/MISEQ_RUNS	IMV	Fabienne Geissberger	EBV_BK 13_04_29	130429_M01274_0015_000000000-A3FM5	MS2015816-300V2	KFSP Virome	2013-04-29						251			RGT2705936	RGT2545706	FileMaker
/IMV/130503_M01274_0016_000000000-A3K3D_OTHER	/IMV/OTHER/MISEQ_RUNS	IMV	Michael Huber	Test IgG1vs3 with clone 219 and balanced control (50%) plus PhiX (50%)	130503_M01274_0016_000000000-A3K3D	MS2002304-50V2	Research AT	2013-05-03						25	25		RGT2665528	RGT2522421	FileMaker
/IMV/130522_M01274_0017_000000000-A3R1P_METAGENOMICS	/IMV/METAGENOMICS/MISEQ_RUNS	IMV	Dagmara Lewandowska	CMV plasma dilutions	130522_M01274_0017_000000000-A3R1P	MS2015989-300V2	KFSP Virome	2013-05-22						251			RGT2705999	RGT2750804	FileMaker
/IMV/130527_M01274_0019_000000000-A3PTY_OTHER	/IMV/OTHER/MISEQ_RUNS	IMV	Fabienne Geissberger		130527_M01274_0019_000000000-A3PTY	MS2015936-300V2	Diagnostics	2013-05-27						251			RGT2751150	RGT2705983	FileMaker
/IMV/130603_M01274_0021_000000000-A3R18_ANTIBODIES	/IMV/ANTIBODIES/MISEQ_RUNS	IMV	Merle Schanz	130603	130603_M01274_0021_000000000-A3R18	MS2021512-500V2	Research AT	2013-06-03				first run with full HKL primer set, one patient (AKxxx) and three different concentrations/sample prep of a healthy donor, 8 pM library, 5% PhiX		251	251	5	RGT2744257	RGT2750849	FileMaker
/IMV/130613_M01274_0022_000000000-A4374_OTHER	/IMV/OTHER/MISEQ_RUNS	IMV	Fabienne Geissberger	HIV_Pat.1-10	130613_M01274_0022_000000000-A4374	MS2015812-300V2	Diagnostics	2013-06-13				HIV PRRT, sequencing of patients 1-10, PCR amplicon of 3.2 kb covering full PRRT followed NexteraXT sample prep; BluePippin clean-up for two samples with side products after PCR		251		1	RGT2705924	RGT2629452	FileMaker
/IMV/130621_M01274_0024_000000000-A4KJC_ANTIBODIES	/IMV/ANTIBODIES/MISEQ_RUNS	IMV	Merle Schanz	130621	130621_M01274_0024_000000000-A4KJC	MS2026611-500V2	Research AT	2013-06-21				repeat of first ab run		251	251	5	RGT2873313	RGT2851854	FileMaker
/IMV/130628_M01274_0026_000000000-A42Y1_OTHER	/IMV/OTHER/MISEQ_RUNS	IMV	Dagmara Lewandowska	PR env amplicons	130628_M01274_0026_000000000-A42Y1	MS2021552-500V2	Research AT	2013-06-28				V1V2 V3		251	251	5	RGT2744400	RGT2629500	FileMaker
/IMV/130709_M01274_0027_000000000-A4FE4_METAGENOMICS	/IMV/METAGENOMICS/MISEQ_RUNS	IMV	Dagmara Lewandowska	BK urine + medium Phi29	130709_M01274_0027_000000000-A4FE4	MS2021966-300V2	KFSP Virome	2013-07-09				run failed during cluster formation		251		1	RGT2859742	RGT2794975	FileMaker
/IMV/130710_M01274_0028_000000000-A4F0V_METAGENOMICS	/IMV/METAGENOMICS/MISEQ_RUNS	IMV	Dagmara Lewandowska	BK urine medium samples Phi29 amplification	130710_M01274_0028_000000000-A4F0V	MS2020019-300V2	KFSP Virome	2013-07-09				PhiX 1		251		1	RGTNA	RGTNA	FileMaker
/IMV/130715_M01274_0029_000000000-A4TM0_ANTIBODIES	/IMV/ANTIBODIES/MISEQ_RUNS	IMV	Merle Schanz	130715	130715_M01274_0029_000000000-A4TM0	MS2021655-500V2	Research AT	2013-07-15				110, 159 and 159b		251	251	5	RGTNA	RGTNA	FileMaker
/IMV/130719_M01274_0030_000000000-A4FKL_METAGENOMICS	/IMV/METAGENOMICS/MISEQ_RUNS	IMV	Dagmara Lewandowska	EBV CMV plasma Phi29	130719_M01274_0030_000000000-A4FKL	MS2020004-300V2	KFSP Virome	2013-07-19				4nM library, 12pM loaded, run failed due to insufficient clusters		251		3	RGT2807374	RGT2794971	FileMaker
/IMV/130723_M01274_0031_000000000-A5B9D_METAGENOMICS	/IMV/METAGENOMICS/MISEQ_RUNS	IMV	Dagmara Lewandowska	Phi29 EBV CMV plasma repeat	130723_M01274_0031_000000000-A5B9D	MS2019984-300V2	KFSP Virome	2013-07-23				Nextera XT protocol		251		3	RGT2807384	RGT3003915	FileMaker
/IMV/130724_M01274_0032_000000000-A5B0U_OTHER	/IMV/OTHER/MISEQ_RUNS	IMV	Peter Rusert	NGScellcell	130724_M01274_0032_000000000-A5B0U	MS2002191-50V2	Research AT	2013-07-24				Platte_1		51		1	RGT2665403	RGT3003837	FileMaker
/IMV/130726_M02081_0003_000000000-A4KG4_OTHER	/IMV/OTHER/MISEQ_RUNS	IMV	Peter Rusert	NGScellcell	130726_M02081_0003_000000000-A4KG4	MS2002333-50V2	Research AT	2013-07-26				Platte_2		51		10	RGT2665543	RGT2851817	FileMaker
/IMV/130807_M02081_0001_000000000-A4FKM_OTHER	/IMV/OTHER/MISEQ_RUNS	IMV	Fabienne Geissberger	PhiX	130807_M02081_0001_000000000-A4FKM	MS2004777-50V2	Test	2013-08-07				test after run aborted and hard drive was exchanged		70		100	RGT2818707	RGT2795070	FileMaker
/IMV/130809_M02081_0002_000000000-A5GTL_METAGENOMICS	/IMV/METAGENOMICS/MISEQ_RUNS	IMV	Dagmara Lewandowska	Phi29 Norovirus lambda DNA JRFL	130809_M02081_0002_000000000-A5GTL	MS2029424-300V2	KFSP Virome	2013-08-09						251		3	RGT3075542	RGT3024372	FileMaker
/IMV/130813_M02081_0003_000000000-A4W97_OTHER	/IMV/OTHER/MISEQ_RUNS	IMV	Peter Rusert	NGS cellcell As150tp0	130813_M02081_0003_000000000-A4W97	MS2007325-50V2	Research AT	2013-08-13				Platte 3		51			RGTNA	RGTNA	FileMaker
/IMV/130820_M02081_0005_000000000-A5P94_METAGENOMICS	/IMV/METAGENOMICS/MISEQ_RUNS	IMV	Dagmara Lewandowska	Ebv spiking to plasma repeat	130820_M02081_0005_000000000-A5P94	MS2027958-300V2	KFSP Virome	2013-08-20				1 % PhiX		251		1	RGT3010052	RGT3064318	FileMaker
/IMV/130816_M02081_0004_000000000-A4WG3_METAGENOMICS	/IMV/METAGENOMICS/MISEQ_RUNS	IMV	Fabienne Geissberger	EBV_spiked_healthy_plasma	130816_M02081_0004_000000000-A4WG3	MS2027971-300V2	KFSP Virome	2013-08-16				PhiX 1%		251		1	RGT3010128	RGT2907487	FileMaker
/IMV/131024_M02081_0008_000000000-A5GJ1_OTHER	/IMV/OTHER/MISEQ_RUNS	IMV	Peter Rusert Jacqueline Weber	Virus_mix_AK110	131024_M02081_0008_000000000-A5GJ1	MS2007360-50V2	Research AT	2013-10-21				phiX=1%		51		1	RGT2973112	RGT3014544	FileMaker
/IMV/131115_M02081_0012_000000000-A6AYG_METAGENOMICS	/IMV/METAGENOMICS/MISEQ_RUNS	IMV	Dagmara Lewandowska	Virus spiking 1 phi29	131115_M02081_0012_000000000-A6AYG	Ms2020006-300V2	KFSP Virome	2013-11-15				filtered samples, phi29, plasma, 0 -1 higher input into RT		251		1	RGT2807397	RGT3201401	FileMaker
/IMV/131120_M02081_0013_000000000-A5P88_METAGENOMICS	/IMV/METAGENOMICS/MISEQ_RUNS	IMV	Dagmara Lewandowska	Virus spiking in plasma 1 Non- filtered rPCR	131120_M02081_0013_000000000-A5P88	MS2020142-300V2	KFSP Virome	2013-11-20				unfiltered, rPCR, and ES plasmid samples		251			RGT3075585	RGT3064372	FileMaker
/IMV/131114_M02081_0011_000000000-A5GML_METAGENOMICS	/IMV/METAGENOMICS/MISEQ_RUNS	IMV	Fabienne Geissberger	Virus_Spiking_1	131114_M02081_0011_000000000-A5GML	MS2026769-300V2	KFSP Virome	2013-11-14				filtered samples, rPCR, 1% PhiX		251		1	RGT3000176	RGT3014632	FileMaker
/IMV/131121_M01274_0043_000000000-A5GLJ_RESISTANCE	/IMV/RESISTANCE/MISEQ_RUNS	IMV	Cyril Shah	RESI12_NGS_1	131121_M01274_0043_000000000-A5GLJ	MS2027976-300V2	Diagnostics	2013-11-21				Cyril_first_preparation		251			RGT3010109	RGT3014508	FileMaker
/IMV/131121_M02081_0014_000000000-A5M34_METAGENOMICS	/IMV/METAGENOMICS/MISEQ_RUNS	IMV	Dagmara Lewandowska	Virus spiking 1 in plasma non- filtered Phi29	131121_M02081_0014_000000000-A5M34	MS2029593-300V2	KFSP Virome	2013-11-21				unfiltered, Phi29, 1% PhiX		251		1	RGTNA	RGTNA	FileMaker
/IMV/131207_M01274_0047_000000000-A5GYJ_METAGENOMICS	/IMV/METAGENOMICS/MISEQ_RUNS	IMV	Dagmara Lewandowska	Virus_spiking_2_Phi29	131207_M01274_0047_000000000-A5GYJ	MS2029632-300V2	KFSP Virome	2013-12-07				Virus mix higher ct into WholeBlood1 and healthy plasma		250			RGTNA	RGTNA	FileMaker
/IMV/131211_M02081_0017_000000000-A5GNJ_METAGENOMICS	/IMV/METAGENOMICS/MISEQ_RUNS	IMV	Fabienne Geissberger	randomPCR_virus_spiking2_131211	131211_M02081_0017_000000000-A5GNJ	MS2029536-300V2	KFSP Virome	2013-11-12				1% PhiX		251		1	RGT3075575	RGT3014561	FileMaker
/IMV/131217_M01274_0049_000000000-A5HDM_ANTIBODIES	/IMV/ANTIBODIES/MISEQ_RUNS	IMV	Merle Schanz	AK159_IgG1_IgG3	131217_M01274_0049_000000000-A5HDM	MS2042560-500V2	Research AT	2013-12-17				5% phiX		251	251	5	RGTNA	RGTNA	FileMaker
/IMV/140107_M01274_0050_000000000-A5GY4_METAGENOMICS	/IMV/METAGENOMICS/MISEQ_RUNS	IMV	Fabienne Geissberger	Virus spiking 1 Nextera XT 140107	140107_M01274_0050_000000000-A5GY4	MS2029439-300V2	KFSP Virome	2014-01-07				1% PhiX		251		1	RGT3075547	RGT3019622	FileMaker
/IMV/140109_M01274_0051_000000000-A6ULD_METAGENOMICS	/IMV/METAGENOMICS/MISEQ_RUNS	IMV	Dagmara Lewandowska	TrueSeq_DM_130109	140109_M01274_0051_000000000-A6ULD	MS2029534-300V2	KFSP Virome	2014-01-09				1 % PhiX		251		1	RGT3075577	RGT3415546	FileMaker
/IMV/140114_M02081_0018_000000000-A5H3A_METAGENOMICS	/IMV/METAGENOMICS/MISEQ_RUNS	IMV	Dagmara Lewandowska	Virus Spike_1_TrueSeq	140114_M02081_0018_000000000-A5H3A	MS2029477-300V2	KFSP Virome	2014-01-14				Comparison with XT		251		0	RGT3075360	RGT3019591	FileMaker
/IMV/140121_M01274_0053_000000000-A6ULW_METAGENOMICS	/IMV/METAGENOMICS/MISEQ_RUNS	IMV	Dagmara Lewandowska	Virus-spiking-1-virus-mix -no-Influenza	140121_M01274_0053_000000000-A6ULW	MS2039664-300V2	KFSP Virome	2014-01-21				testing different inputs into RT and rPCR		251			RGTNA	RGTNA	FileMaker
/IMV/140127_M02081_0021_000000000-A6ULG_METAGENOMICS	/IMV/METAGENOMICS/MISEQ_RUNS	IMV	Fabienne Geissberger	140127_Pat_Samples_ random_FDG	140127_M02081_0021_000000000-A6ULG	MS2039663-300V2	KFSP Virome	2014-01-27				1% PhiX		251		1	RGTNA	RGTNA	FileMaker
/IMV/140131_M02081_0023_000000000-A6UPW_METAGENOMICS	/IMV/METAGENOMICS/MISEQ_RUNS	IMV	Fabienne Geissberger	140131random_Pat_Samples_2_FDG	140131_M02081_0023_000000000-A6UPW	MS2039726-300V2	KFSP Virome	2014-01-31				1% PhiX		251		1	RGT3416298	RGT3415570	FileMaker
/IMV/140122_M01274_0054_000000000-A6TBL_METAGENOMICS	/IMV/METAGENOMICS/MISEQ_RUNS	IMV	Fabienne Geissberger	Virus spiking 1 repeat without Influenza 140122	140122_M01274_0054_000000000-A6TBL	MS2040133-300V2	KFSP Virome	2014-01-22				1% PhiX		251		1	RGTNA	RGTNA	FileMaker
/IMV/140205_M02081_0025_000000000-A79FK_METAGENOMICS	/IMV/METAGENOMICS/MISEQ_RUNS	IMV	Fabienne Geissberger	140131_random_Pat_Samples_2_repeatV3_FDG	140205_M02081_0025_000000000-A79FK	MS2001697-150V3	KFSP Virome	2014-02-05				1% Phix		151		1	RGT3240190	RGT3430581	FileMaker
/IMV/140209_M02081_0028_000000000-A7RW5_METAGENOMICS	/IMV/METAGENOMICS/MISEQ_RUNS	IMV	Dagmara Lewandowska	Nuclease_treatment_stool_sample	140209_M02081_0028_000000000-A7RW5	MS2039769-300V2	KFSP Virome	2014-02-09				4 duplicate samples		251			RGTNA	RGTNA	FileMaker
/IMV/140217_M01274_0060_000000000-A6TBC_METAGENOMICS	/IMV/METAGENOMICS/MISEQ_RUNS	IMV	Fabienne Geissberger	140217_EBV_Pat_Samples	140217_M01274_0060_000000000-A6TBC	MS2044937-300V2	KFSP Virome	2014-02-17				1% PhiX		251		1	RGT3626877	RGT3415429	FileMaker
/IMV/140219_M01274_0061_000000000-A7R15_METAGENOMICS	/IMV/METAGENOMICS/MISEQ_RUNS	IMV	Dagmara Lewandowska	PATIENT_SAMPLES_BLOOD_BAL	140219_M01274_0061_000000000-A7R15	MS2044878-300V2	KFSP Virome	2014-02-19				DUPLICATES Kispi		251		1	RGT3587608	RGT3626926	FileMaker
/IMV/140220_M01274_0062_000000000-A6V20_METAGENOMICS	/IMV/METAGENOMICS/MISEQ_RUNS	IMV	Dagmara Lewandowska	PATIENTS_SAMPLES_LIQOUR_X2	140220_M01274_0062_000000000-A6V20	MS2046322-300V2	KFSP Virome	2014-02-20				2 PATIENTS DUPLICATES		251		1	RGT3654266	RGT23415521	FileMaker
/IMV/140228_M01274_0064_000000000-A7H02_METAGENOMICS	/IMV/METAGENOMICS/MISEQ_RUNS	IMV	Fabienne Geissberger	Virus spiking Plasma 140228 FDG	140228_M01274_0064_000000000-A7H02	MS2004094-150V3	KFSP Virome	2014-02-28				no PhiX		151		0	RGT3527181	RGT3430421	FileMaker
/IMV/140227_M01274_0063_000000000-A8D9D_METAGENOMICS	/IMV/METAGENOMICS/MISEQ_RUNS	IMV	Dagmara Lewandowska	Norovirus_Taq_Gold	140227_M01274_0063_000000000-A8D9D	MS2046337-300V2	KFSP Virome	2014-02-27				Norovirus_no_PhiX_		251		0	RGTNA	RGTNA	FileMaker
/IMV/140310_M01274_0065_000000000-A7ERA_METAGENOMICS	/IMV/METAGENOMICS/MISEQ_RUNS	IMV	Fabienne Geissberger	14_03_10_repeat_Virus_spiking_FDG	140310_M01274_0065_000000000-A7ERA	MS2003971-150V3	KFSP Virome	2014-03-10				no PhiX		151		0	RGT3527062	RGT3534768	FileMaker
/IMV/140311_M02081_0035_000000000-A7FCN_METAGENOMICS	/IMV/METAGENOMICS/MISEQ_RUNS	IMV	Fabienne Geissberger	140311_Pat_Samples_FDG	140311_M02081_0035_000000000-A7FCN	MS2004116-150V3	KFSP Virome	2014-03-11				no PhiX		151		0	RGT3527041	RGT3541451	FileMaker
/IMV/140314_M01274_0066_000000000-A7F9F_METAGENOMICS	/IMV/METAGENOMICS/MISEQ_RUNS	IMV	Fabienne Geissberger	140314_Pat_Samples_Entero_repeat	140314_M01274_0066_000000000-A7F9F	MS2047909-500V2	KFSP Virome	2014-03-14				no PhiX		251	251	0	RGT3624908	RGT3541542	FileMaker
/IMV/140319_M01274_0067_000000000-A880D_METAGENOMICS	/IMV/METAGENOMICS/MISEQ_RUNS	IMV	Fabienne Geissberger	Virus_spiking_repeat_3_140319	140319_M01274_0067_000000000-A880D	MS2004074-150V3	KFSP Virome	2014-03-19				no PhiX		151		0	RGT3527119	RGT3637445	FileMaker
/IMV/140325_M01274_0068_000000000-A7FN3_OTHER	/IMV/OTHER/MISEQ_RUNS	IMV	Fabienne Geissberger	IAV_FDT_Plasmids	140325_M01274_0068_000000000-A7FN3	MS2003994-150V3	Diagnostics	2014-03-25				Nextera and TruSeq no phix		76	76	0	RGT3527276	RGT3541518	FileMaker
/IMV/140331_M01274_0070_000000000-A7F8F_METAGENOMICS	/IMV/METAGENOMICS/MISEQ_RUNS	IMV	Fabienne Geissberger	CMV_EBV_frozen_Samples	140331_M01274_0070_000000000-A7F8F	MS2004385-150V3	KFSP Virome	2014-03-31				no PhiX		151		0	RGT3532229	RGT3541552	FileMaker
/IMV/140404_M02081_0042_000000000-A7FNF_RESISTANCE	/IMV/RESISTANCE/MISEQ_RUNS	IMV	Cyril Shah	csFluA_1	140404_M02081_0042_000000000-A7FNF	MS2003845-150V3	Diagnostics	2014-04-04				no PhiX		160		0	RGT3490097	RGT3541386	FileMaker
/IMV/140408_M01274_0071_000000000-A8CRD_METAGENOMICS	/IMV/METAGENOMICS/MISEQ_RUNS	IMV	Fabienne Geissberger	140408_resp_Samples_repeat	140408_M01274_0071_000000000-A8CRD	MS2003618-150V3	Diagnostics	2014-04-08				1% PhiX		75	75	1	RGT3490085	RGT3728409	FileMaker
/IMV/140409_M01274_0072_000000000-A8GDA_METAGENOMICS	/IMV/METAGENOMICS/MISEQ_RUNS	IMV	Dagmara Lewandowska	Nuclease_filtered_spiked_plasma	140409_M01274_0072_000000000-A8GDA	MS2004327-150V3	KFSP Virome	2014-04-09				Nuclease_treated_spiked_plasma		151		0	RGTNA	RGTNA	FileMaker
/IMV/140416_M01274_0073_000000000-A8GY7_METAGENOMICS	/IMV/METAGENOMICS/MISEQ_RUNS	IMV	Fabienne Geissberger	140416_Pat_Samples	140416_M01274_0073_000000000-A8GY7	MS2044419-150V3	KFSP Virome	2014-04-16				no PhiX		155		0	RGT3532015	RGT3728202	FileMaker
/IMV/140424_M02081_0046_000000000-A8DCH_ANTIBODIES	/IMV/ANTIBODIES/MISEQ_RUNS	IMV	Merle Schanz	140424_IgG_sorting	140424_M02081_0046_000000000-A8DCH	MS82047817-500V2	Research AT	2014-04-24				IgG_sorting		251	251		RGTNA	RGTNA	FileMaker
/IMV/140501_M01274_0076_000000000-A8DN2_METAGENOMICS	/IMV/METAGENOMICS/MISEQ_RUNS	IMV	Fabienne Geissberger	140501_EV_RV_repeat	140501_M01274_0076_000000000-A8DN2	MS2003740-150V3	KFSP Virome	2014-05-01				no PHiX		160		0	RGT3489895	RGT3728394	FileMaker
/IMV/140430_M01274_0075_000000000-A8P88_METAGENOMICS	/IMV/METAGENOMICS/MISEQ_RUNS	IMV	Dagmara Lewandowska	Entero_Rhino_AR_AN_ST	140430_M01274_0075_000000000-A8P88	MS2004331-150V3	KFSP Virome	2014-04-30				Nuclease_treatment		151		0	RGTNA	RGTNA	FileMaker
/IMV/140507_M02081_0049_000000000-A8GW4_RESISTANCE	/IMV/RESISTANCE/MISEQ_RUNS	IMV	Cyril Shah	CHAIN_HCV	140507_M02081_0049_000000000-A8GW4	MS2004249-150V3	Diagnostics	2014-05-07				no PhiX		151		0	RGT3532157	RGT3728267	FileMaker
/IMV/140513_M01274_0078_000000000-A8H59_METAGENOMICS	/IMV/METAGENOMICS/MISEQ_RUNS	IMV	Fabienne Geissberger	140513_CMV_VS	140513_M01274_0078_000000000-A8H59	MS2003543-150V3	KFSP Virome	2014-05-13				no PhiX		151		0	RGT3490093	RGT3728372	FileMaker
/IMV/140616_M01274_0080_000000000-A8H02_METAGENOMICS	/IMV/METAGENOMICS/MISEQ_RUNS	IMV	Fabienne Geissberger	140616_HHV6_PatSamples	140616_M01274_0080_000000000-A8H02	MS2004421-150V3	Diagnostics	2014-06-16				no PhiX		151		0	RGT3532169	RGT3728379	FileMaker
/IMV/140620_M01274_0081_000000000-A9UAR_ANTIBODIES	/IMV/ANTIBODIES/MISEQ_RUNS	IMV	Merle Schanz	140620_AK170	140620_M01274_0081_000000000-A9UAR	MS2608770-500V2	Research AT	2014-06-20				AK170_wk46_115_271		251	251		RGT3877194	RGTNA	FileMaker
/IMV/140704_M02081_0058_000000000-A8CVE_OTHER	/IMV/OTHER/MISEQ_RUNS	IMV	Michael Maurer	p12p54	140704_M02081_0058_000000000-A8CVE	MS2004307-600V3	Research LH	2014-07-04				5% phiX		300	300	5	RGT3429895	RGT3728316	FileMaker
/IMV/140711_M01274_0082_000000000-A8H37_METAGENOMICS	/IMV/METAGENOMICS/MISEQ_RUNS	IMV	Fabienne Geissberger	140711_Kispi_Pat_Samples	140711_M01274_0082_000000000-A8H37	MS2004190-150V3	KFSP Virome	2014-07-11				no PhiX		160		0	RGT3532016	RGT3728355	FileMaker
/IMV/140725_M01274_0084_000000000-A8H57_METAGENOMICS	/IMV/METAGENOMICS/MISEQ_RUNS	IMV	Dagmara Lewandowska	Entero_Rhino_THROAT_NUCLEASE_OLIGOS	140725_M01274_0084_000000000-A8H57	MS2004314-150V3	KFSP Virome	2014-07-25				Patient_throat_samples		151		0	RGT3532017	RGT3728386	FileMaker
/IMV/140808_M01274_0085_000000000-A8DMR_METAGENOMICS	/IMV/METAGENOMICS/MISEQ_RUNS	IMV	Fabienne Geissberger	140808_kvv585	140808_M01274_0085_000000000-A8DMR	MS2004440-150V3	KFSP Virome	2014-08-08				no PhiX		160		0	RGT3532144	RGT3728413	FileMaker
/IMV/140818_M01274_0086_000000000-A8H23_METAGENOMICS	/IMV/METAGENOMICS/MISEQ_RUNS	IMV	Fabienne Geissberger	140818_Throat_Swabs	140818_M01274_0086_000000000-A8H23	MS2003777-150V3	KFSP Virome	2014-08-18				no PhiX		151		0	RGT3489934	RGT3728235	FileMaker
/IMV/140825_M01274_0087_000000000-A8H17_METAGENOMICS	/IMV/METAGENOMICS/MISEQ_RUNS	IMV	Fabienne Geissberger	140825_VIROME_Patients	140825_M01274_0087_000000000-A8H17	MS2004514-150V3	KFSP Virome	2014-08-25				no PhiX		160		0	RGT3532133	RGT3728438	FileMaker
/IMV/140901_M01274_0088_000000000-A8H1P_METAGENOMICS	/IMV/METAGENOMICS/MISEQ_RUNS	IMV	Fabienne Geissberger	140901_EV_RV_PatSamples	140901_M01274_0088_000000000-A8H1P	MS2003615-150V3	KFSP Virome	2014-09-01				no PhiX		151		0	RGT3490086	RGT3728229	FileMaker
/IMV/140908_M01274_0089_000000000-A8H04_METAGENOMICS	/IMV/METAGENOMICS/MISEQ_RUNS	IMV	Fabienne Geissberger	140908_EV_RV_PatSamples_repeat	140908_M01274_0089_000000000-A8H04	MS2003601-150V3	KFSP Virome	2014-09-08				no PhiX		151		0	RGT3489701	RGT3728373	FileMaker
/IMV/140923_M01274_0091_000000000-A8GVB_METAGENOMICS	/IMV/METAGENOMICS/MISEQ_RUNS	IMV	Fabienne Geissberger	140923_EV_RV_Part1_Kispi_PatSamples	140923_M01274_0091_000000000-A8GVB	MS2004500-150V3	KFSP Virome	2014-09-23				no PhiX		160		0	RGT3532125	RGT3728310	FileMaker
/IMV/140924_M01274_0092_000000000-A8H26_METAGENOMICS	/IMV/METAGENOMICS/MISEQ_RUNS	IMV	Fabienne Geissberger	140924_EV_RV_Part_2_PatSamples	140924_M01274_0092_000000000-A8H26	MS2003776-150V3	KFSP Virome	2014-09-24				no PhiX		160		0	RGT3490104	RGT3728423	FileMaker
/IMV/141007_M01274_0094_000000000-A8CV0_METAGENOMICS	/IMV/METAGENOMICS/MISEQ_RUNS	IMV	Fabienne Geissberger	141007_hrRNA_PatSamples	141007_M01274_0094_000000000-A8CV0	MS2003825-150V3	KFSP Virome	2014-10-07				no PhiX		151		0	RGT3489977	RGT3728243	FileMaker
/IMV/141021_M01274_0095_000000000-A8CPG_METAGENOMICS	/IMV/METAGENOMICS/MISEQ_RUNS	IMV	Fabienne Geissberger	141021_PatSamples	141021_M01274_0095_000000000-A8CPG	MS2004334-150V3	Diagnostics	2014-10-21				no PhiX		160		0	RGT3531961	RGT3728454	FileMaker
/IMV/141031_M01274_0096_000000000-A8CW6_METAGENOMICS	/IMV/METAGENOMICS/MISEQ_RUNS	IMV	Fabienne Geissberger	141031_Virus_spiking	141031_M01274_0096_000000000-A8CW6	MS2768620-150V3	KFSP Virome	2014-10-31				no PhiX		160		0	RGT4442883	RGT3728358	FileMaker
/IMV/141216_M02081_0075_000000000-A8GU7_METAGENOMICS	/IMV/METAGENOMICS/MISEQ_RUNS	IMV	Fabienne Geissberger	141215_VS_input_Exp	141216_M02081_0075_000000000-A8GU7	MS2768713-150V3	KFSP Virome	2014-12-16				no PhiX		151		0	RGT4442764	RGT3728380	FileMaker
/IMV/141219_M01274_0099_000000000-ABG0V_METAGENOMICS	/IMV/METAGENOMICS/MISEQ_RUNS	IMV	Dagmara Lewandowska	141219_VS_CMV_EBV	141219_M01274_0099_000000000-ABG0V	MS2768801-150V3	KFSP Virome	2014-12-19				no PhiX		151		0	RGT4442898	RGT4457971	FileMaker
/IMV/150122_M02081_0078_000000000-ABFYA_OTHER	/IMV/OTHER/MISEQ_RUNS	IMV	Fabienne Geissberger	150122_HIV_Minority_Variants	150122_M02081_0078_000000000-ABFYA	MS2768848-150V3	Diagnostics	2015-01-22				no PhiX		151		0	RGT4442851	RGT4457892	FileMaker
/IMV/150123_M01274_0101_000000000-ACAFL_METAGENOMICS	/IMV/METAGENOMICS/MISEQ_RUNS	IMV	Dagmara Lewandowska	EBV_CMV_plasma_spike_denaturation_test	150123_M01274_0101_000000000-ACAFL	MS2768657-150V3	KFSP Virome	2015-01-23				virus spike in healthy plasma		151			RGTNA	RGTNA	FileMaker
/IMV/150203_M01274_0102_000000000-ABFVG_METAGENOMICS	/IMV/METAGENOMICS/MISEQ_RUNS	IMV	Dagmara Lewandowska	Extractioncoverage experiment	150203_M01274_0102_000000000-ABFVG	MS2776681-150V3	KFSP Virome	2015-02-03				Virus spike in plasma EasyMag Manueal and Qiagen extraction		151		0	RGTNA	RGTNA	FileMaker
/IMV/150222_M01274_0104_000000000-ABFVJ_METAGENOMICS	/IMV/METAGENOMICS/MISEQ_RUNS	IMV	Dagmara Lewandowska	Optimization of amplification	150222_M01274_0104_000000000-ABFVJ	MS2776646-150V3	KFSP Virome	2015-02-22				testing Delwart conditions		151		0	RGTNA	RGTNA	FileMaker
/IMV/150312_M01274_0105_000000000-ADJCP_ANTIBODIES	/IMV/ANTIBODIES/MISEQ_RUNS	IMV	Merle Schanz	150312_AK110_HD	150312_M01274_0105_000000000-ADJCP	MS2672806-500V2	Research AT	2015-03-12				AK110_wk22_wk84_HD		245	245		RGTNA	RGTNA	FileMaker
/IMV/150315_M01274_0106_000000000-ACADN_METAGENOMICS	/IMV/METAGENOMICS/MISEQ_RUNS	IMV	Dagmara Lewandowska	Delwart protocol testing	150315_M01274_0106_000000000-ACADN	MS2892070-150V3	KFSP Virome	2015-03-15				VS x 3 different protocols		151		0	RGTNA	RGTNA	FileMaker
/IMV/150317_M01274_0107_850434_METAGENOMICS	/IMV/METAGENOMICS/MISEQ_RUNS	IMV	Dagmara Lewandowska	Delwart protocol testing	150317_M01274_0107_850434	MS2892101-150V3	KFSP Virome	2015-03-17				virus spike in plasma different protocol		151		0	RGTNA	RGTNA	FileMaker
/IMV/150319_M01274_0108_000000000-ACB2T_METAGENOMICS	/IMV/METAGENOMICS/MISEQ_RUNS	IMV	Dagmara Lewandowska	Testing DELWART virus spike	150319_M01274_0108_000000000-ACB2T	MS2776588-150V3	KFSP Virome	2015-03-19				VS in plasma		151			RGTNA	RGTNA	FileMaker
/IMV/150327_M02081_0091_000000000-AE6K8_OTHER	/IMV/OTHER/MISEQ_RUNS	IMV	Peter Rusert Jacqueline Weber	Virus mix_ 03/26/2015	150327_M02081_0091_000000000-AE6K8	MS2022831-50V2	Research AT	2015-03-27				Plasmid		50		0	RGT4542266	RGT5113293	FileMaker
/IMV/150414_M01274_0109_000000000-ACB98_METAGENOMICS	/IMV/METAGENOMICS/MISEQ_RUNS	IMV	Fabienne Geissberger	150414_Kispi_Adeno	150414_M01274_0109_000000000-ACB98	MS2891864-150V3	KFSP Virome	2015-04-14				no PhiX		151		0	RGT5102938	RGT4699966	FileMaker
/IMV/150422_M01274_0111_000000000-ACBCW_METAGENOMICS	/IMV/METAGENOMICS/MISEQ_RUNS	IMV	Fabienne Geissberger	150422_VIROME_1	150422_M01274_0111_000000000-ACBCW	MS2892130-150V3	KFSP Virome	2015-04-22				no PhiX		151		0	RGT5102891	RGT4699868	FileMaker
/IMV/150423_M01274_0112_000000000-ACBBD_METAGENOMICS	/IMV/METAGENOMICS/MISEQ_RUNS	IMV	Lewandowska Dagmara	Testing split protocol	150423_M01274_0112_000000000-ACBBD	MS2891916-150V3	KFSP Virome	2015-04-23				VS in patient plasma		151		0	RGTNA	RGTNA	FileMaker
/IMV/150416_M01274_0110_000000000-ACB1H_METAGENOMICS	/IMV/METAGENOMICS/MISEQ_RUNS	IMV	Lewandowska Dagmara	VS protocol split experiment	150416_M01274_0110_000000000-ACB1H	MS2894865-150V3	KFSP Virome	2015-04-16				VS protocol split experiment		151		0	RGTNA	RGTNA	FileMaker
/IMV/150424_M01274_0113_000000000-ACKTY_METAGENOMICS	/IMV/METAGENOMICS/MISEQ_RUNS	IMV	Fabienne Geissberger	150424_VIROME_Patients_2	150424_M01274_0113_000000000-ACKTY	MS2894871-150V3	KFSP Virome	2015-04-24				no PhiX		151		0	RGT5125596	RGT4778054	FileMaker
/IMV/150525_M02081_0098_000000000-AF33R_OTHER	/IMV/OTHER/MISEQ_RUNS	IMV	Peter Rusert Jacqueline Weber	SHCS 2	150525_M02081_0098_000000000-AF33R	MS2025039-50V2	Research AT	2015-05-25				Description		51		0	RGT4995284	RGT5331468	FileMaker
/IMV/150507_M01274_0114_000000000-ACP52_METAGENOMICS	/IMV/METAGENOMICS/MISEQ_RUNS	IMV	Fabienne Geissberger	150507_VIROME_Samples	150507_M01274_0114_000000000-ACP52	MS2894882-150V3	KFSP Virome	2015-05-07				no PhiX		151		0	RGTNA	RGTNA	FileMaker
/IMV/150527_M01274_0115_000000000-ADVL0_METAGENOMICS	/IMV/METAGENOMICS/MISEQ_RUNS	IMV	Dagmara Lewandowska	RNA split testing	150527_M01274_0115_000000000-ADVL0	MS2894873-150V3	KFSP Virome	2015-05-27				150527_M01274_0115_000000000-ADVL0		150			RGTNA	RGTNA	FileMaker
/IMV/150604_M01274_0117_000000000-AFH9G_METAGENOMICS	/IMV/METAGENOMICS/MISEQ_RUNS	IMV	Dagmara Lewandowska	RNA flow optimization	150604_M01274_0117_000000000-AFH9G	MS2943102-150V3	KFSP Virome	2015-06-04				Input lower temp		151			RGTNA	RGTNA	FileMaker
/IMV/150603_M01274_0116_000000000-ACL3T_METAGENOMICS	/IMV/METAGENOMICS/MISEQ_RUNS	IMV	Fabienne Geissberger	150603_VIROME_Patients	150603_M01274_0116_000000000-ACL3T	MS2975955-150V3	KFSP Virome	2015-06-03				no PhiX		151		0	RGT5516934	RGT4778030	FileMaker
/IMV/150611_M02081_0099_000000000-ACBD1_OTHER	/IMV/OTHER/MISEQ_RUNS	IMV	Fabienne Geissberger	150611_Corona_Amplicons	150611_M02081_0099_000000000-ACBD1	MS2894883-150V3	Diagnostics	2015-06-11				1% PhiX		160		1	RGT5125587	RGT4699839	FileMaker
/IMV/150622_M01274_0118_000000000-ACAG2_METAGENOMICS	/IMV/METAGENOMICS/MISEQ_RUNS	IMV	Fabienne Geissberger	150622_VIROME_Samples	150622_M01274_0118_000000000-ACAG2	MS2895499-150V3	KFSP Virome	2015-06-22				no PhiX		151		0	RGT5128755	RGT4699950	FileMaker
/IMV/150703_M01274_0119_000000000-ADUF0_METAGENOMICS	/IMV/METAGENOMICS/MISEQ_RUNS	IMV	Dagmara Lewandowska	Virus spike in plasmaTesting the pooling step	150703_M01274_0119_000000000-ADUF0	MS2972963-150V3	KFSP Virome	2015-07-03				Testin the pooling step		151		0	RGTNA	RGTNA	FileMaker
/IMV/150707_M01274_0120_000000000-ADTV2_METAGENOMICS	/IMV/METAGENOMICS/MISEQ_RUNS	IMV	Fabienne Geissberger	150707_Pat_Samples_FluA	150707_M01274_0120_000000000-ADTV2	MS2972985-150V3	KFSP Virome	2015-07-07				no PhiX		151		0	RGT5490960	RGT5007858	FileMaker
/IMV/150818_M01274_0121_000000000-AEY14_METAGENOMICS	/IMV/METAGENOMICS/MISEQ_RUNS	IMV	Fabienne Geissberger	150818_Pat_Samples_Part_1	150818_M01274_0121_000000000-AEY14	MS2972787-150V3	KFSP Virome	2015-08-18				no PhiX		151		0	RGT5491045	RGT5278935	FileMaker
/IMV/150819_M01274_0122_000000000-AEW6W_METAGENOMICS	/IMV/METAGENOMICS/MISEQ_RUNS	IMV	Fabienne Geissberger	150819_Pat_Samples_Part_2	150819_M01274_0122_000000000-AEW6W	MS2972920-150V3	KFSP Virome	2015-08-19				no PhiX		151		0	RGT5491215	RGT5288556	FileMaker
/IMV/150903_M01274_0123_000000000-AFYUN_METAGENOMICS	/IMV/METAGENOMICS/MISEQ_RUNS	IMV	Dagmara Lewandowska	Pooling experiment on a virus spike	150903_M01274_0123_000000000-AFYUN	MS2973013-150V3	KFSP Virome	2015-09-03				Pooling step testing		151			RGTNA	RGTNA	FileMaker
/IMV/150917_M01274_0125_000000000-AFNEJ_METAGENOMICS	/IMV/METAGENOMICS/MISEQ_RUNS	IMV	Fabienne Geissberger	150917_Pat_Samples_Part_2	150917_M01274_0125_000000000-AFNEJ	MS3738262-150V3	KFSP Virome	2015-09-17				no PhiX		151		0	RGT5786533	RGT5527342	FileMaker
/IMV/150916_M01274_0124_000000000-AFNJ6_METAGENOMICS	/IMV/METAGENOMICS/MISEQ_RUNS	IMV	Fabienne Geissberger	150916_Pat_Samples_Part_1	150916_M01274_0124_000000000-AFNJ6	MS3738340-150V3	KFSP Virome	2015-09-16				no PhiX		151		0	RGT5786389	RGT5527422	FileMaker
/IMV/151001_M01274_0126_000000000-AJCY8_METAGENOMICS	/IMV/METAGENOMICS/MISEQ_RUNS	IMV	Dagmara Lewandowska	Virus ratio mix Adeno Polio	151001_M01274_0126_000000000-AJCY8	MS3738491-150V3	KFSP Virome	2015-10-01				Adeno vs Polio in duplicates		151		0	RGTNA	RGTNA	FileMaker
/IMV/151008_M01274_0127_000000000-AJCT0_ANTIBODIES	/IMV/ANTIBODIES/MISEQ_RUNS	IMV	Merle Schanz	151008_Ab_germline_NGS	151008_M01274_0127_000000000-AJCT0	MS3741234-500V2	Research AT	2015-10-08				5% PhiX		251	251	5	RGTNA	RGTNA	FileMaker
/IMV/151016_M01274_0128_000000000-AH9JJ_METAGENOMICS	/IMV/METAGENOMICS/MISEQ_RUNS	IMV	Dagmara Lewandowska	Virus_ratio_2_spike	151016_M01274_0128_000000000-AH9JJ	MS3738439-150V3	KFSP Virome	2015-10-16				Influenza_adenovirus_spike		151			RGTNA	RGTNA	FileMaker
/IMV/151020_M01274_0129_000000000-AHM9R_METAGENOMICS	/IMV/METAGENOMICS/MISEQ_RUNS	IMV	Dagmara Lewandowska	Student_course_test_Adeno	151020_M01274_0129_000000000-AHM9R	MS3741202-500V2	KFSP Virome	2015-10-20				Student_Course_Test_plus_Adenovirus_5%_PhiX		259	162	5	RGT5805117	RGT5965866	FileMaker
/IMV/151023_M01274_0130_000000000-AHA29_METAGENOMICS	/IMV/METAGENOMICS/MISEQ_RUNS	IMV	Dagmara Lewandowska	Influenza dilutions in plasma	151023_M01274_0130_000000000-AHA29	MS3738257-150V3	KFSP Virome	2015-10-23				Influenza dilutions in plasma		151		0	RGTNA	RGTNA	FileMaker
/IMV/151027_M01274_0131_000000000-AH97J_METAGENOMICS	/IMV/METAGENOMICS/MISEQ_RUNS	IMV	Dagmara Lewandowska	Adenovirus dilutions in plasma	151027_M01274_0131_000000000-AH97J	MS3779402-150V3	KFSP Virome	2015-10-27				Adenovirus dilutions in plasma		151		0	RGTNA	RGTNA	FileMaker
/IMV/151030_M01274_0132_000000000-AH990_METAGENOMICS	/IMV/METAGENOMICS/MISEQ_RUNS	IMV	Fabienne Geissberger	151030_Polio_Pat_Samples	151030_M01274_0132_000000000-AH990	MS3779312-150V3	KFSP Virome	2015-10-30				no PhiX		151		0	RGT6150264	RGT5870130	FileMaker
/IMV/151106_M02081_0119_000000000-AHME8_OTHER	/IMV/OTHER/MISEQ_RUNS	IMV	Peter Rusert Jacqueline Weber	SHCS NGS3	151106_M02081_0119_000000000-AHME8	MS2025042-50V2	Research AT	2015-11-06				Description		51		5	RGTNA	RGTNA	FileMaker
/IMV/151113_M01274_0134_000000000-AJMA3_OTHER	/IMV/OTHER/MISEQ_RUNS	IMV	Dagmara Lewandowska	Dagmara Lewandowska	151113_M01274_0134_000000000-AJMA3	MS3741082-500V2	Research AT	2015-11-13				V1V2V3_Group_B		252	252		RGTNA	RGTNA	FileMaker
/IMV/151111_M01274_0133_000000000-AJBMN_OTHER	/IMV/OTHER/MISEQ_RUNS	IMV	Dagmara Lewandowska	V1V2V3_regions_Group_A	151111_M01274_0133_000000000-AJBMN	MS3741168-500V2	Research AT	2015-11-11				V1V2V3_regions_Group_A		252	252		RGTNA	RGTNA	FileMaker
/IMV/151116_M01274_0135_000000000-AJKDH_METAGENOMICS	/IMV/METAGENOMICS/MISEQ_RUNS	IMV	Dagmara Lewandowska	Semi quantitative analysis Adeno and Polio	151116_M01274_0135_000000000-AJKDH	MS3779371-150V3	KFSP Virome	2015-11-16				Different ratio mix in plasma		151			RGTNA	RGTNA	FileMaker
/IMV/151123_M01274_0137_000000000-AH9KY_METAGENOMICS	/IMV/METAGENOMICS/MISEQ_RUNS	IMV	Fabienne Geissberger	151123_Pat_Samples	151123_M01274_0137_000000000-AH9KY	MS3779381-150V3	Diagnostics	2015-11-23				no PhiX		151		0	RGT6150207	RGT5870041	FileMaker
/IMV/151117_M01274_0136_000000000-AJL2M_METAGENOMICS	/IMV/METAGENOMICS/MISEQ_RUNS	IMV	Dagmara Lewandowska	Semi quantitative analysis Adeno and Inf	151117_M01274_0136_000000000-AJL2M	MS3779409-150V3	KFSP Virome	2015-11-17				Different ratio Adeno and Inf		151			RGTNA	RGTNA	FileMaker
/IMV/151130_M01274_0138_000000000-AJKD7_METAGENOMICS	/IMV/METAGENOMICS/MISEQ_RUNS	IMV	Fabienne Geissberger	151130_Patient_Samples	151130_M01274_0138_000000000-AJKD7	MS3779424-150V3	Diagnostics	2015-11-30				no PhiX		151		0	RGT6150196	RGT6193012	FileMaker
/IMV/151211_M02081_0123_000000000-AHMJY_OTHER	/IMV/OTHER/MISEQ_RUNS	IMV	Hanna Ebner Weber Jaqueline Rusert Peter	AK170 Env NGS	151211_M02081_0123_000000000-AHMJY	MS2032003-50V2	Research AT	2015-12-11				Description		51		0	RGT6220575	RGT5966107	FileMaker
/IMV/151221_M01274_0139_000000000-AJGDN_METAGENOMICS	/IMV/METAGENOMICS/MISEQ_RUNS	IMV	Fabienne Geissberger	151221_DIA_Patient Samples	151221_M01274_0139_000000000-AJGDN	MS3779359-150V3	KFSP Virome	2015-12-21				no PhiX		151			RGT6150208	RGTNA	FileMaker
/IMV/151222_M02081_0125_000000000-AJMJB_METAGENOMICS	/IMV/METAGENOMICS/MISEQ_RUNS	IMV	Fabienne Geissberger	151221_DIA_Patient Samples	151222_M02081_0125_000000000-AJMJB	MS3779383-150V3	Diagnostics	2015-12-22				no PhiX		151		0	RGT6150140	RGT6192997	FileMaker
/IMV/160105_M01274_0140_000000000-AJGE4_METAGENOMICS	/IMV/METAGENOMICS/MISEQ_RUNS	IMV	Fabienne Geissberger	160105_DIA_Patient_Samples	160105_M01274_0140_000000000-AJGE4	MS3779365-150V3	Diagnostics	2016-01-05				no PhiX		151		0	RGT6150213	RGT6192928	FileMaker
/IMV/160108_M01274_0141_000000000-AJJPL_METAGENOMICS	/IMV/METAGENOMICS/MISEQ_RUNS	IMV	Dagmara Lewandowska	Nuclease experiment	160108_M01274_0141_000000000-AJJPL	MS3779390-150V3	KFSP Virome	2016-01-08				Virus spike in plasma nuclease		151		0	RGTNA	RGTNA	FileMaker
/IMV/160118_M01274_0142_000000000-AJKCR_METAGENOMICS	/IMV/METAGENOMICS/MISEQ_RUNS	IMV	Dagmara Lewandowska	Nuclease_treatment	160118_M01274_0142_000000000-AJKCR	MS3917824-150V3	KFSP Virome	2016-01-18				Virus_spike_plasma_nuclease		151			RGTNA	RGTNA	FileMaker
/IMV/160119_M01274_0143_000000000-AJJRC_METAGENOMICS	/IMV/METAGENOMICS/MISEQ_RUNS	IMV	Fabienne Geissberger	160119_CaCo_HCV	160119_M01274_0143_000000000-AJJRC	MS3892644-150V3	KFSP Virome	2016-01-19				no PhiX		151		0	RGT6579998	RGT6192932	FileMaker
/IMV/160122_M01274_0144_000000000-AHMD4_ANTIBODIES	/IMV/ANTIBODIES/MISEQ_RUNS	IMV	Merle Schanz	160122_Ab_germline_NGS	160122_M01274_0144_000000000-AHMD4	MS3741089-500V2	Research AT	2016-01-22				5% PhiX		251	251		RGTNA	RGTNA	FileMaker
/IMV/160128_M01274_0145_000000000-AJM9A_METAGENOMICS	/IMV/METAGENOMICS/MISEQ_RUNS	IMV	Dagmara Lewandowska	Nuclease in plasma	160128_M01274_0145_000000000-AJM9A	MS3892483-150V3	KFSP Virome	2016-01-28				Nucleases treatment of plasma		151		0	RGTNA	RGTNA	FileMaker
/IMV/160209_M01274_0146_000000000-AJKPF_METAGENOMICS	/IMV/METAGENOMICS/MISEQ_RUNS	IMV	Fabienne Geissberger	160209_CoxA_Stool_Suspensions	160209_M01274_0146_000000000-AJKPF	MS3892554-150V3	KFSP Virome	2016-02-09				no PhiX		151		0	RGT6579981	RGT6193007	FileMaker
/IMV/160301_M01274_0147_000000000-AJKD5_METAGENOMICS	/IMV/METAGENOMICS/MISEQ_RUNS	IMV	Fabienne Geissberger	160301_DIA_PatSamples	160301_M01274_0147_000000000-AJKD5	MS3892617-150V3	Diagnostics	2016-03-01				no PhiX		151		0	RGT6579971	RGT6193005	FileMaker
/IMV/160309_M01274_0148_000000000-AJKPC_METAGENOMICS	/IMV/METAGENOMICS/MISEQ_RUNS	IMV	Fabienne Geissberger	160309_DIA_VIROME_Patients	160309_M01274_0148_000000000-AJKPC	MS3939907-150V3	Diagnostics	2016-03-09				no PhiX		151		0	RGT6752034	RGT6193026	FileMaker
/IMV/160310_M01274_0149_000000000-ALRUK_METAGENOMICS	/IMV/METAGENOMICS/MISEQ_RUNS	IMV	Fabienne Geissberger	160310_VIROME_Patients	160310_M01274_0149_000000000-ALRUK	MS3939737-150V3	KFSP Virome	2016-03-10				no PhiX		151		0	RGT6668213	RGT6751884	FileMaker
/IMV/160315_M02081_0139_000000000-AL4VW_PLASMIDS	/IMV/PLASMIDS/MISEQ_RUNS	IMV	Weber Jaqueline_Rusert Peter	SGA	160315_M02081_0139_000000000-AL4VW	MS2035946-50V2	Research AT	2016-03-15				50		51		0	RGT6663181	RGT6862075	FileMaker
/IMV/160317_M01274_0150_000000000-ALRDV_METAGENOMICS	/IMV/METAGENOMICS/MISEQ_RUNS	IMV	Fabienne Geissberger	160317_VIROME_Samples	160317_M01274_0150_000000000-ALRDV	MS3940069-150V3	KFSP Virome	2016-03-17				no PhiX		151		0	RGT6752046	RGT6667432	FileMaker
/IMV/160321_M01274_0151_000000000-ALRL5_METAGENOMICS	/IMV/METAGENOMICS/MISEQ_RUNS	IMV	Fabienne Geissberger	160321_VIROME_Samples	160321_M01274_0151_000000000-ALRL5	MS3939775-150V3	KFSP Virome	2016-03-21				no PhiX		151		0	RGT6752141	RGT6667364	FileMaker
/IMV/160415_M01274_0153_000000000-AL57W_OTHER	/IMV/OTHER/MISEQ_RUNS	IMV	Fabienne Geissberger	HCV_HIV_CoxA_Amplicons	160415_M01274_0153_000000000-AL57W	MS2035755-50V2	Diagnostics	2016-04-15				Nextera and TruSeq no phix		51		0	RGT6659424	RGT6862080	FileMaker
/IMV/160413_M01274_0152_000000000-ALRDW_METAGENOMICS	/IMV/METAGENOMICS/MISEQ_RUNS	IMV	Fabienne Geissberger	160413_Patient_Samples	160413_M01274_0152_000000000-ALRDW	MS3976741-150V3	KFSP Virome	2016-04-13				no PhiX		151		0	RGT6846042	RGT6667435	FileMaker
/IMV/160420_M02081_0147_000000000-AL55K_PLASMIDS	/IMV/PLASMIDS/MISEQ_RUNS	IMV	Weber Jaqueline	SGA 5	160420_M02081_0147_000000000-AL55K	MS2035924-50V2	Research AT	2016-04-20				Description		51		0	RGT6663071	RGT6862073	FileMaker
/IMV/160509_M02081_0151_000000000-APE3Y_OTHER	/IMV/OTHER/MISEQ_RUNS	IMV	Fabienne Geissberger	160509_HCV_Amplicons_EV_Plasmids	160509_M02081_0151_000000000-APE3Y	MS2039465-50V2	Diagnostics	2016-05-09				no PhiX		51		0	RGT7299011	RGT7193693	FileMaker
/IMV/160519_M01274_0154_000000000-ALRL4_METAGENOMICS	/IMV/METAGENOMICS/MISEQ_RUNS	IMV	Fabienne Geissberger	160519_Patient_Samples	160519_M01274_0154_000000000-ALRL4	MS3939817-150V3	KFSP Virome	2016-05-19				no PhiX		151		0	RGT6752209	RGT6667357	FileMaker
/IMV/160527_M01274_0155_000000000-ALRN9_METAGENOMICS	/IMV/METAGENOMICS/MISEQ_RUNS	IMV	Fabienne Geissberger	160527_Patient_Samples	160527_M01274_0155_000000000-ALRN9	MS3892628-150V3	KFSP Virome	2016-05-27				no PhiX		151		0	RGT6579999	RGT6667368	FileMaker
/IMV/160609_M01274_0156_000000000-AMA0E_METAGENOMICS	/IMV/METAGENOMICS/MISEQ_RUNS	IMV	Fabienne Geissberger	160609_MORV_Patient_Samples	160609_M01274_0156_000000000-AMA0E	MS3976834-150V3	KFSP Virome	2016-06-09				no PhiX		151		0	RGT6846036	RGT6802361	FileMaker
/IMV/160624_M01274_0157_000000000-AN8T8_ANTIBODIES	/IMV/ANTIBODIES/MISEQ_RUNS	IMV	Merle Schanz	160624_Ab_germline	160624_M01274_0157_000000000-AN8T8	MS4124709-500V2	Research AT	2016-06-24				5% PhiX		251	251	5	RGTNA	RGTNA	FileMaker
/IMV/160706_M01274_0158_000000000-AMAWD_METAGENOMICS	/IMV/METAGENOMICS/MISEQ_RUNS	IMV	Fabienne Geissberger	160706_Patient_Samples	160706_M01274_0158_000000000-AMAWD	MS3976750-150V3	Diagnostics	2016-07-06				no PhiX		151		0	RGT6846077	RGT6802503	FileMaker
/IMV/160711_M02081_0161_000000000-AMPP0_OTHER	/IMV/OTHER/MISEQ_RUNS	IMV	Fabienne Geissberger	160711_HCV_Amplicons_KM_CS	160711_M02081_0161_000000000-AMPP0	MS2039551-50V2	Diagnostics	2016-07-11						51		0	RGT7371222	RGT6893624	FileMaker
/IMV/160719_M01274_0159_000000000-AMA6L_METAGENOMICS	/IMV/METAGENOMICS/MISEQ_RUNS	IMV	Fabienne Geissberger	160719_Patient_Samples	160719_M01274_0159_000000000-AMA6L	MS3976811-150V3	KFSP Virome	2016-07-19				no PhiX		151		0	RGT6846028	RGT6802511	FileMaker
/IMV/160721_M01274_0160_000000000-AMAVW_METAGENOMICS	/IMV/METAGENOMICS/MISEQ_RUNS	IMV	Dagmara Lewandowska	Testing_input_spiking_plasma	160721_M01274_0160_000000000-AMAVW	MS3976666-150V3	KFSP Virome	2016-07-21				Virus spike in plasma		151			RGTNA	RGTNA	FileMaker
/IMV/160802_M02081_0165_000000000-AR4VD_OTHER	/IMV/OTHER/MISEQ_RUNS	IMV	FG_VK	160802_NeoPrep_test_EV	160802_M02081_0165_000000000-AR4VD	MS2039485-50V2	Diagnostics	2016-08-02				50		51		0	RGT7298968	RGT7325284	FileMaker
/IMV/160804_M01274_0161_000000000-AMAW3_METAGENOMICS	/IMV/METAGENOMICS/MISEQ_RUNS	IMV	Verena Kufner	160804_Patient_samples	160804_M01274_0161_000000000-AMAW3	MS4318583-150V3	KFSP Virome	2016-08-04				no PhiX		151		0	RGT7705313	RGT6802613	FileMaker
/IMV/160806_M02081_0166_000000000-AMRTN_ANTIBODIES	/IMV/ANTIBODIES/MISEQ_RUNS	IMV	Merle Schanz	160806_AK170_Ig_ECBC	160806_M02081_0166_000000000-AMRTN	MS3836290-600V3	Research AT	2016-08-06				AK170_mAb_tracing		298	298		RGTNA	RGTNA	FileMaker
/IMV/160816_M01274_0162_000000000-AMPKU_METAGENOMICS	/IMV/METAGENOMICS/MISEQ_RUNS	IMV	Fabienne Geissberger	160816_VIROME_Samples	160816_M01274_0162_000000000-AMPKU	MS4318573-150V3	KFSP Virome	2016-08-16				no PhiX		151		0	RGT7705198	RGT6893375	FileMaker
/IMV/160817_M01274_0163_000000000-AMPJF_METAGENOMICS	/IMV/METAGENOMICS/MISEQ_RUNS	IMV	Verena Kufner	160817_VS_diverse_samples	160817_M01274_0163_000000000-AMPJF	MS4318591-150V3	KFSP Virome	2016-08-17				no PhiX		151		0	RGTNA	RGTNA	FileMaker
/IMV/160908_M01274_0164_000000000-AMT73_METAGENOMICS	/IMV/METAGENOMICS/MISEQ_RUNS	IMV	Fabienne Geissberger	160908_Patient_Samples	160908_M01274_0164_000000000-AMT73	MS4318657-150V3	Diagnostics	2016-09-08				no PhiX		151		0	RGT7705360	RGT6893485	FileMaker
/IMV/161003_M02081_0177_000000000-AUGHU_PLASMIDS	/IMV/PLASMIDS/MISEQ_RUNS	IMV	Natacha Espirito Santo	SGA Sequencing 01	161003_M02081_0177_000000000-AUGHU	MS2040506-50V2	Research AT	2016-10-03				Description		51		0	RGT7753065	RGT7879667	FileMaker
/IMV/161006_M01274_0165_000000000-ATVWY_ANTIBODIES	/IMV/ANTIBODIES/MISEQ_RUNS	IMV	Merle Schanz	161006_AK170_Ig_ECBC	161006_M01274_0165_000000000-ATVWY	MS3836352-600v3	Research AT	2016-10-06				AK170_mAb_tracing		298	298		RGTNA	RGTNA	FileMaker
/IMV/161017_M01274_0166_000000000-AT5LA_METAGENOMICS	/IMV/METAGENOMICS/MISEQ_RUNS	IMV	Fabienne Geissberger	161017_Patient_Samples	161017_M01274_0166_000000000-AT5LA	MS4318612-150V3	Diagnostics	2016-10-17				no PhiX		151		0	RGT7705194	RGT7750358	FileMaker
/IMV/161114_M02081_0183_000000000-AUGJF_OTHER	/IMV/OTHER/MISEQ_RUNS	IMV	Fabienne Geissberger	161114_NeoPrep_Test_1	161114_M02081_0183_000000000-AUGJF	MS2041580-50V2	Diagnostics	2016-11-14				no PhiX		51		0	RGT7970314	RGT7879541	FileMaker
/IMV/161115_M02081_0184_000000000-AUL9L_OTHER	/IMV/OTHER/MISEQ_RUNS	IMV	Fabienne Geissberger	161115_NeoPrep_Test_2	161115_M02081_0184_000000000-AUL9L	MS2040638-50V2	Diagnostics	2016-11-15				no PhiX		51		0	RGTNA	RGTNA	FileMaker
/IMV/161123_M02081_0186_000000000-AWMUL_PLASMIDS	/IMV/PLASMIDS/MISEQ_RUNS	IMV	Natacha Espirito Santo	Env Clones	161123_M02081_0186_000000000-AWMUL	MS2042041-50V2	Research AT	2016-11-23				Description		51		0	RGT8146513	RGT8216257	FileMaker
/IMV/161205_M01274_0167_000000000-AT5MR_METAGENOMICS	/IMV/METAGENOMICS/MISEQ_RUNS	IMV	Dagmara Lewandowska	Virus_spike_sample_types	161205_M01274_0167_000000000-AT5MR	MS4512531-150V3	KFSP Virome	2016-12-05				different sample types		151			RGTNA	RGTNA	FileMaker
/IMV/161207_M01274_0168_000000000-AT4UA_METAGENOMICS	/IMV/METAGENOMICS/MISEQ_RUNS	IMV	Fabienne Geissberger	161207_Patient_Samples	161207_M01274_0168_000000000-AT4UA	MS4512533-150V3	KFSP Virome	2016-12-07				no PhiX		151		0	RGT8028379	RGT7750471	FileMaker
/IMV/161212_M02081_0189_000000000-AUGB5_OTHER	/IMV/OTHER/MISEQ_RUNS	IMV	Fabienne Geissberger	161212_HCV_CS	161212_M02081_0189_000000000-AUGB5	MS2041512-50V2	Diagnostics	2016-12-12				no PhiX		51		0	RGT7970430	RGT7879270	FileMaker
/IMV/161229_M02081_0191_000000000-ATP2C_OTHER	/IMV/OTHER/MISEQ_RUNS	IMV	Stefan Schmutz	161229_HCV_CS	161229_M02081_0191_000000000-ATP2C	MS4808077-50V2	Diagnostics	2016-12-29				no PhiX		51		0	RGT8605919	RGT7879264	FileMaker
/IMV/170103_M02081_0192_000000000-AYGJN_METAGENOMICS	/IMV/METAGENOMICS/MISEQ_RUNS	IMV	Stefan Schmutz	Virus_spike_sample_types_I	170103_M02081_0192_000000000-AYGJN	MS4512543-150V3	KFSP Virome	2017-01-03				different sample types		151		0	RGT8028372	RGT8571040	FileMaker
/IMV/170104_M02081_0193_000000000-AUN8P_METAGENOMICS	/IMV/METAGENOMICS/MISEQ_RUNS	IMV	Stefan Schmutz	Virus_spike_sample_types_II	170104_M02081_0193_000000000-AUN8P	MS4512541-150V3	KFSP Virome	2017-01-04				different sample types		151		0	RGT8028370	RGT7972839	FileMaker
/IMV/170106_M01274_0169_000000000-ATW70_METAGENOMICS	/IMV/METAGENOMICS/MISEQ_RUNS	IMV	Stefan Schmutz	170106_Virome_Patient_Samples	170106_M01274_0169_000000000-ATW70	MS4796014-150V3	KFSP Virome	2017-01-06				no PhiX		151		0	RGT8588443	RGT7972896	FileMaker
/IMV/170118_M01274_0170_000000000-ATW7L_METAGENOMICS	/IMV/METAGENOMICS/MISEQ_RUNS	IMV	Stefan Schmutz	170118_Virome_Patient_Samples	170118_M01274_0170_000000000-ATW7L	MS4512540-150V3	KFSP Virome	2017-01-18				no PhiX		151		0	RGT8028373	RGT7972931	FileMaker
/IMV/170202_M02081_0197_000000000-B366J_METAGENOMICS	/IMV/METAGENOMICS/MISEQ_RUNS	IMV	Stefan Schmutz	170202_HCV_HIV2_amplicons	170202_M02081_0197_000000000-B366J	MS4796154-150V3	KFSP Virome	2017-02-02				no PhiX		150		0	RGT8588380	RGT8789601	FileMaker
/IMV/170208_M02081_0198_000000000-AUGK5_PLASMIDS	/IMV/PLASMIDS/MISEQ_RUNS	IMV	Natacha Espirito Santo	Seqplate_20170208	170208_M02081_0198_000000000-AUGK5	MS4808067-50V2	Research AT	2017-02-08				Description		51		0	RGT8605915	RGT7879789	FileMaker
/IMV/170210_M01274_0171_000000000-B3NFB_METAGENOMICS	/IMV/METAGENOMICS/MISEQ_RUNS	IMV	Stefan Schmutz	170210_Virome_Patient_Samples	170210_M01274_0171_000000000-B3NFB	MS4796037-150V3	KFSP Virome	2017-02-10				no PhiX		151		0	RGT8588539	RGT8789602	FileMaker
/IMV/170214_M01274_0172_000000000-AYHFG_METAGENOMICS	/IMV/METAGENOMICS/MISEQ_RUNS	IMV	Stefan Schmutz	170214_Virome_Patient_Samples	170214_M01274_0172_000000000-AYHFG	MS4891093-150V3	KFSP Virome	2017-02-14				no PhiX		151		0	RGT8843167	RGT8571249	FileMaker
/IMV/170215_M02081_0199_000000000-AYH3E_OTHER	/IMV/OTHER/MISEQ_RUNS	IMV	CS	HCV-DIA_1	170215_M02081_0199_000000000-AYH3E	MS4891006-150V3	Diagnostics	2017-02-15				HCV		151		0	RGT8842977	RGT8571236	FileMaker
/IMV/170221_M02081_0201_000000000-AUGJK_PLASMIDS	/IMV/PLASMIDS/MISEQ_RUNS	IMV	Natacha Espirito Santo	Seqplate_20170221	170221_M02081_0201_000000000-AUGJK	MS4808118-50V2	Research AT	2017-02-21				Description		51		0	RGT8605880	RGT7879670	FileMaker
/IMV/170222_M02081_0202_000000000-ATW76_RESISTANCE	/IMV/RESISTANCE/MISEQ_RUNS	IMV	Cyril Shah	cs_Lauf-2	170222_M02081_0202_000000000-ATW76	MS4890965-150V3	Diagnostics	2017-02-22				Mix		151		0	RGT8842902	RGT7973025	FileMaker
/IMV/170224_M01274_0173_000000000-B37YB_METAGENOMICS	/IMV/METAGENOMICS/MISEQ_RUNS	IMV	Stefan Schmutz	170224_Virome_Patient_Samples	170224_M01274_0173_000000000-B37YB	MS4891030-150V3	KFSP Virome	2017-02-24				Research		151		0	RGT8842976	RGT8789554	FileMaker
/IMV/170228_M02081_0203_000000000-B3698_RESISTANCE	/IMV/RESISTANCE/MISEQ_RUNS	IMV	Cyril Shah	cs_Lauf-3	170228_M02081_0203_000000000-B3698	MS4890925-150V3	Diagnostics	2017-02-28				Mix		151		0	RGT8843219	RGT8789558	FileMaker
/IMV/170303_M01274_0174_000000000-AT5N6_METAGENOMICS	/IMV/METAGENOMICS/MISEQ_RUNS	IMV	Stefan Schmutz	170303_Virome_Patient_Samples	170303_M01274_0174_000000000-AT5N6	MS4890947-150V3	KFSP Virome	2017-03-03				Research		151		0	RGT8842913	RGT7750500	FileMaker
/IMV/170306_M01274_0175_000000000-AT7AE_METAGENOMICS	/IMV/METAGENOMICS/MISEQ_RUNS	IMV	Stefan Schmutz	170306_Virome_Patient_Samples	170306_M01274_0175_000000000-AT7AE	MS4890911-150V3	KFSP Virome	2017-03-06				Research		151		0	RGT8843051	RGT7750392	FileMaker
/IMV/170309_M02081_0204_000000000-B37YJ_RESISTANCE	/IMV/RESISTANCE/MISEQ_RUNS	IMV	Cyril Shah	cs_Lauf-4	170309_M02081_0204_000000000-B37YJ	MS4890853-150V3	Diagnostics	2017-03-09				Mix		151		0	RGT8842907	RGT8789555	FileMaker
/IMV/170310_M01274_0176_000000000-B368G_METAGENOMICS	/IMV/METAGENOMICS/MISEQ_RUNS	IMV	Stefan Schmutz	170310_Virome_Patient_Samples	170310_M01274_0176_000000000-B368G	MS4890950-150V3	KFSP Virome	2017-03-10				Research		151		0	RGT8842979	RGT8789568	FileMaker
/IMV/170313_M01274_0177_000000000-B3NFR_METAGENOMICS	/IMV/METAGENOMICS/MISEQ_RUNS	IMV	Stefan Schmutz	170313_Virome_Patient_Samples	170313_M01274_0177_000000000-B3NFR	MS4890966-150V3	KFSP Virome	2017-03-13						151		0	RGT8842903	RGT8789623	FileMaker
/IMV/170315_M02081_0205_000000000-B3NFT_RESISTANCE	/IMV/RESISTANCE/MISEQ_RUNS	IMV	Cyril Shah	cs_Lauf-5	170315_M02081_0205_000000000-B3NFT	MS4964651-150V3	Diagnostics	2017-03-15						151		0	RGT8986343	RGT8789598	FileMaker
/IMV/170316_M01274_0178_000000000-B3NFC_METAGENOMICS	/IMV/METAGENOMICS/MISEQ_RUNS	IMV	Stefan Schmutz	170316_Virome_Patient_Samples	170316_M01274_0178_000000000-B3NFC	MS4964596-150V3	KFSP Virome	2017-03-16						151		0	RGT8986374	RGT8789619	FileMaker
/IMV/170317_M01274_0179_000000000-B37MC_METAGENOMICS	/IMV/METAGENOMICS/MISEQ_RUNS	IMV	Stefan Schmutz	170317_Virome_Patient_Samples	170317_M01274_0179_000000000-B37MC	MS4964610-150V3	KFSP Virome	2017-03-17						151		0	RGT8986373	RGT8789646	FileMaker
/IMV/170323_M02081_0206_000000000-B4FNK_ANTIBODIES	/IMV/ANTIBODIES/MISEQ_RUNS	IMV	Merle Schanz	170323_AK170_Ig_ECBC21	170323_M02081_0206_000000000-B4FNK	MS3836276-600V3	Research AT	2017-03-23				AK170_mAb_tracing		293	293		RGTNA	RGTNA	FileMaker
/IMV/170329_M02081_0207_000000000-B4FHK_RESISTANCE	/IMV/RESISTANCE/MISEQ_RUNS	IMV	Cyril Shah	cs_Lauf-6	170329_M02081_0207_000000000-B4FHK	MS4964507-150V3	Diagnostics	2017-03-29				DIA_Entwicklung		151		0	RGT8986325	RGT9049943	FileMaker
/IMV/170407_M01274_0180_000000000-B4LLY_METAGENOMICS	/IMV/METAGENOMICS/MISEQ_RUNS	IMV	Stefan Schmutz	170407_Virome_Patient_Samples	170407_M01274_0180_000000000-B4LLY	MS4964642-150V3	KFSP Virome	2017-04-07						151		0	RGT8986415	RGT9050268	FileMaker
/IMV/170410_M01274_0181_000000000-B4KVP_METAGENOMICS	/IMV/METAGENOMICS/MISEQ_RUNS	IMV	Stefan Schmutz	170410_Virome_Patient_Samples	170410_M01274_0181_000000000-B4KVP	MS4964536-150V3	KFSP Virome	2017-04-10						151		0	RGT8986444	RGT9050174	FileMaker
/IMV/170411_M01274_0182_000000000-B4FNY_METAGENOMICS	/IMV/METAGENOMICS/MISEQ_RUNS	IMV	Stefan Schmutz	170411_Virome_Patient_Samples	170411_M01274_0182_000000000-B4FNY	MS4964502-150V3	KFSP Virome	2017-04-11						151		0	RGT8986300	RGT9050063	FileMaker
/IMV/170412_M02081_0208_000000000-B4LLN_RESISTANCE	/IMV/RESISTANCE/MISEQ_RUNS	IMV	Cyril Shah	cs_Lauf-7	170412_M02081_0208_000000000-B4LLN	MS4964586-150V3	Diagnostics	2017-04-12				Mix		151		0	RGT8986460	RGT9050095	FileMaker
/IMV/170413_M01274_0183_000000000-B4FNR_METAGENOMICS	/IMV/METAGENOMICS/MISEQ_RUNS	IMV	Stefan Schmutz	170413_Virome_Patient_Samples	170413_M01274_0183_000000000-B4FNR	MS4964624-150V3	KFSP Virome	2017-04-13						151		0	RGT8986417	RGT9049862	FileMaker
/IMV/170425_M01274_0184_000000000-B4FGY_METAGENOMICS	/IMV/METAGENOMICS/MISEQ_RUNS	IMV	Stefan Schmutz	170425_Virome_Patient_Samples	170425_M01274_0184_000000000-B4FGY	MS4964545-150V3	KFSP Virome	2017-04-25						151		0	RGT8986292	RGT9050114	FileMaker
/IMV/170426_M02081_0209_000000000-B4MV9_RESISTANCE	/IMV/RESISTANCE/MISEQ_RUNS	IMV	Cyril Shah	cs_Lauf-8	170426_M02081_0209_000000000-B4MV9	MS4964579-150V3	Diagnostics	2017-04-26				HCV		151		0	RGT8986303	RGT9049868	FileMaker
/IMV/170426_M01274_0185_000000000-B4FP5_METAGENOMICS	/IMV/METAGENOMICS/MISEQ_RUNS	IMV	Stefan Schmutz	170426_Virome_Patient_Samples	170426_M01274_0185_000000000-B4FP5	MS4964747-150V3	KFSP Virome	2017-04-26						151		0	RGT8986418	RGT9049915	FileMaker
/IMV/170504_M01274_0186_000000000-B4KRP_METAGENOMICS	/IMV/METAGENOMICS/MISEQ_RUNS	IMV	Stefan Schmutz	170504_Virome_Patient_Samples	170504_M01274_0186_000000000-B4KRP	MS4964577-150V3	KFSP Virome	2017-05-04						151		0	RGT8986517	RGT9050116	FileMaker
/IMV/170505_M01274_0187_000000000-B4CRB_METAGENOMICS	/IMV/METAGENOMICS/MISEQ_RUNS	IMV	Stefan Schmutz	170505_Virome_Patient_Samples	170505_M01274_0187_000000000-B4CRB	MS4964681-150V3	KFSP Virome	2017-05-05						151		0	RGT8986427	RGT9049921	FileMaker
/IMV/170512_M02081_0210_000000000-B4FF7_RESISTANCE	/IMV/RESISTANCE/MISEQ_RUNS	IMV	Cyril Shah	cs_Lauf-9	170512_M02081_0210_000000000-B4FF7	MS4964594-150V3	Diagnostics	2017-05-12				Mix		151		0	RGT8986463	RGT9050539	FileMaker
/IMV/170515_M01274_0188_000000000-B4FDY_METAGENOMICS	/IMV/METAGENOMICS/MISEQ_RUNS	IMV	Stefan Schmutz	170515_Virome_Patient_Samples	170515_M01274_0188_000000000-B4FDY	MS4964640-150V3	KFSP Virome	2017-05-15						151		0	RGT8986421	RGT9050110	FileMaker
/IMV/170526_M02081_0213_000000000-B4KRG_RESISTANCE	/IMV/RESISTANCE/MISEQ_RUNS	IMV	Cyril Shah	cs_Lauf-10	170526_M02081_0213_000000000-B4KRG	MS4964543-150V3	Diagnostics	2017-05-26				DIA		151		0	RGT8986442	RGT9050129	FileMaker
/IMV/170609_M02081_0215_000000000-B4M43_RESISTANCE	/IMV/RESISTANCE/MISEQ_RUNS	IMV	Cyril Shah	DIA_11	170609_M02081_0215_000000000-B4M43	MS4964518-150V3	Diagnostics	2017-06-09				Diagnostik		151		0	RGT8986344	RGT9049951	FileMaker
